﻿<string name="certificate_36_ant_aging">36 maanden optimale prestaties</string>
<string name="certificate_48_ant_aging">48 maanden optimale prestaties</string>
<string name="certificate_tuv_48_fluent_system">48 maanden vloei-endheidsbeoor-deling A</string>
<string name="certificate_oppo_lab">Gecertificeerd door OPPO Labs</string>
<string name="certificate_ttl_tab">Gecertificeerd door CTTL</string>
<string name="certificate_tuv_lab">Gecertificeerd door TÜV SÜD</string>
<string name="certificate_year_fluent_system">Vlotst werkende telefoon van het jaar</string>
<string name="certificate_ludashi_2022_test">Bekroond door Ludashi in 2022</string>
<string name="technique_memory_gen_title">RAM-vitalisering</string>
<string name="technique_memory_gen_content">Intern ontwikkelde exclusieve geheugenversnellingstechnologie zorgt voor het sneller starten van en schakelen tussen apps voor betere algehele prestaties.</string>
<string name="technique_file_title">ROM-vitalisering</string>
<string name="technique_file_content">Toonaangevende I/O-technologie verbetert de efficiëntie van lees- en schrijfbewerkingen grondig om de effecten van veroudering van uw apparaat aanzienlijk tegen te gaan en zorgt voor een soepele gebruikerservaring, zelfs na jarenlang gebruik.</string>
<string name="technique_computing_title">CPU-vitalisering</string>
<string name="technique_computing_content">Toonaangevende rekenkrachtplanning om prestaties en energieverbruik in balans te brengen. Rekenintensieve taken verlopen vlot zonder de batterij uit te putten.</string>