<string name="certificate_36_ant_aging">Rendiment òptim als 36 mesos</string>
<string name="certificate_48_ant_aging">Rendiment òptim als 48 mesos</string>
<string name="certificate_tuv_48_fluent_system">Valoració de la fluïdesa als 48 mesos: A</string>
<string name="certificate_oppo_lab">Certificat per OPPO Labs</string>
<string name="certificate_ttl_tab">Certificat per CTTL</string>
<string name="certificate_tuv_lab">Certificat per TÜV SÜD</string>
<string name="certificate_year_fluent_system">Telèfon de l\'any en la categoria de funcionament correcte</string>
<string name="certificate_ludashi_2022_test">Concedit per Ludashi el 2022</string>
<string name="technique_memory_gen_title">Vitalització de RAM</string>
<string name="technique_memory_gen_content">La tecnologia exclusiva d\'acceleració de memòria, desenvolupada per nosaltres mateixos, augmenta la velocitat de l\'inici i del canvi d\'aplicacions per millorar el rendiment general.</string>
<string name="technique_file_title">Vitalització de ROM</string>
<string name="technique_file_content">La tecnologia I/O líder del sector millora de manera exhaustiva l\'eficiència de les operacions de lectura i escriptura per reduir significativament els efectes de l\'envelliment del dispositiu, el que garanteix una experiència d\'usuari fluïda fins i tot després d\'anys d\'ús.</string>
<string name="technique_computing_title">Vitalització de CPU</string>
<string name="technique_computing_content">Programació de potència informàtica líder per equilibrar el rendiment i el consum d\'energia. Les tasques amb molta exigència de recursos informàtics funcionen sense problemes i sense consumir la bateria.</string>