﻿<string name="certificate_36_ant_aging">36 kuu optimaalne jõudlus</string>
<string name="certificate_48_ant_aging">48 kuu optimaalne jõudlus</string>
<string name="certificate_tuv_48_fluent_system">48 kuu ladusushinne A</string>
<string name="certificate_oppo_lab">OPPO Labsi sertifikaat</string>
<string name="certificate_ttl_tab">CTTL-i sertifikaat</string>
<string name="certificate_tuv_lab">TÜV SÜD-i sertifikaat</string>
<string name="certificate_year_fluent_system">Sujuvalt töötava telefoni aastapreemia</string>
<string name="certificate_ludashi_2022_test">Andnud Ludashi 2022. aastal</string>
<string name="technique_memory_gen_title">RAM-i võimendus</string>
<string name="technique_memory_gen_content">Meie väljatöötatud ainulaadne mälukiirenduse lahendus parandab seadme üldist jõudlust, tagades rakenduste kiirema käivitamise ja liikumise nende vahel.</string>
<string name="technique_file_title">ROM-i võimendus</string>
<string name="technique_file_content">Valdkonna juhtiv I/O-lahendus parandab lugemis- ja kirjutamistoimingute üldist tõhusust seadme vananemise mõju oluliseks vähendamiseks ja sujuva kasutuskogemuse tagamiseks ka mitme aasta möödudes.</string>
<string name="technique_computing_title">CPU võimendus</string>
<string name="technique_computing_content">Juhtiv arvutusvõimsuse planeerimislahendus jõudluse ja energiakulu vahelise tasakaalu jaoks. Arvutusvõimsust nõudvad toimingud töötavad sujuvalt ja ei koorma akut.</string>