<string name="certificate_36_ant_aging">36 hónap optimális teljesítmény</string>
<string name="certificate_48_ant_aging">48 hónap optimális teljesítmény</string>
<string name="certificate_tuv_48_fluent_system">48 hónap „A” garancia a zökkenőmentes működésre</string>
<string name="certificate_oppo_lab">Az OPPO laboratóriuma által minősítve</string>
<string name="certificate_ttl_tab">A CTTL által minősítve</string>
<string name="certificate_tuv_lab">A TÜV SÜD által minősítve</string>
<string name="certificate_year_fluent_system">Az év leggördülékenyebben működő telefonja</string>
<string name="certificate_ludashi_2022_test">A Ludashi által 2022-ben díjazott</string>
<string name="technique_memory_gen_title">RAM-vitalizálás</string>
<string name="technique_memory_gen_content">Az exkluzív, saját fejlesztésű memóriagyorsító technológia gyorsabb alkalmazásindítást és alkalmazásváltást tesz lehetővé a jobb általános teljesítmény érdekében.</string>
<string name="technique_file_title">ROM-vitalizálás</string>
<string name="technique_file_content">Az iparágvezető I/O technológia átfogóan javítja az olvasási és írási műveletek hatékonyságát, hogy jelentősen csökkentse a készülék avulását, zökkenőmentes felhasználói élményt biztosítva még évekig tartó használat után is.</string>
<string name="technique_computing_title">CPU-vitalizálás</string>
<string name="technique_computing_content">Vezető számításiteljesítmény-ütemezés a teljesítmény és az energiafogyasztás egyensúlyának megteremtése érdekében. A számításigényes feladatok zökkenőmentesen, az akkumulátor merítése nélkül futnak.</string>