<string name="certificate_36_ant_aging">36-måneders optimal ytelse</string>
<string name="certificate_48_ant_aging">48-måneders optimal ytelse</string>
<string name="certificate_tuv_48_fluent_system">48-måneders smidighet rating A</string>
<string name="certificate_oppo_lab">Sertifisert av OPPO Labs</string>
<string name="certificate_ttl_tab">Sertifisert av CTTL</string>
<string name="certificate_tuv_lab">Sertifisert av TÜV SÜD</string>
<string name="certificate_year_fluent_system">Kåret til årets smidigste telefon</string>
<string name="certificate_ludashi_2022_test">Prisbelønt av Ludashi i 2022</string>
<string name="technique_memory_gen_title">RAM-vitalisering</string>
<string name="technique_memory_gen_content">Eksklusiv teknologi for minneakselerasjon, utviklet internt, leverer raskere oppstart av og bytte mellom apper for bedre samlet ytelse.</string>
<string name="technique_file_title">ROM-vitalisering</string>
<string name="technique_file_content">Bransjeledende I/U-teknologi forbedrer effektiviteten i lese- og skriveoperasjoner kraftig for å redusere effekten av enhetens levetid betydelig og sikre en jevn brukeropplevelse selv etter flere års bruk.</string>
<string name="technique_computing_title">CPU-vitalisering</string>
<string name="technique_computing_content">Ledende regnekraftplanlegging for god balanse mellom ytelse og strømforbruk. Dataintensive oppgaver kjører smidig uten å tappe batteriet.</string>