<string name="certificate_36_ant_aging">36 miesięcy optymalnej wydajności</string>
<string name="certificate_48_ant_aging">48 miesięcy optymalnej wydajności</string>
<string name="certificate_tuv_48_fluent_system">48 miesięcy płynnego działania — ocena A</string>
<string name="certificate_oppo_lab">Jednostka certyfikująca: OPPO Labs</string>
<string name="certificate_ttl_tab">Jednostka certyfikująca: CTTL</string>
<string name="certificate_tuv_lab">Jednostka certyfikująca: TÜV SÜD</string>
<string name="certificate_year_fluent_system">Płynnie działający telefon roku</string>
<string name="certificate_ludashi_2022_test">Nagroda Ludashi w 2022 r.</string>
<string name="technique_memory_gen_title">Rewitalizacja pamięci RAM</string>
<string name="technique_memory_gen_content">Wyjątkowa technologia przyspieszająca działanie pamięci skraca czas uruchamiania oraz przełączania aplikacji, znacznie poprawiając ogólną wydajność urządzenia.</string>
<string name="technique_file_title">Rewitalizacja pamięci ROM</string>
<string name="technique_file_content">Najlepsza w branży technologia We/Wy kompleksowo poprawia wydajność operacji odczytu i zapisu i znacząco ogranicza skutki starzenia się urządzenia, zapewniając jego płynne działanie nawet po wielu latach użytkowania.</string>
<string name="technique_computing_title">Rewitalizacja procesora CPU</string>
<string name="technique_computing_content">Zaawansowana funkcja planowania wykorzystania mocy obliczeniowej umożliwia osiągnięcie równowagi między wydajnością a zużyciem energii. Wymagające przeprowadzenia wielu złożonych obliczeń zadania są wykonywane płynnie bez nadmiernego rozładowywania baterii.</string>