<string name="certificate_36_ant_aging">Optimalne performanse tijekom 36 mjeseci</string>
<string name="certificate_48_ant_aging">Optimalne performanse tijekom 48 mjeseci</string>
<string name="certificate_tuv_48_fluent_system">Razred tečnosti A tijekom 48 mjeseci</string>
<string name="certificate_oppo_lab">Certificira OPPO Labs</string>
<string name="certificate_ttl_tab">Certificira CTTL</string>
<string name="certificate_tuv_lab">Certificira TÜV SÜD</string>
<string name="certificate_year_fluent_system">Besprijekoran rad telefona godine</string>
<string name="certificate_ludashi_2022_test">Nagrada Ludashi iz 2022.</string>
<string name="technique_memory_gen_title">Vitalizacija RAM-a</string>
<string name="technique_memory_gen_content">Ekskluzivna tehnologija ubrzanja memorije, razvijena unutar tvrtke, omogućuje brže pokretanje i promjenu aplikacija radi boljih ukupnih performansi.</string>
<string name="technique_file_title">Vitalizacija ROM-a</string>
<string name="technique_file_content">Vodeća I/O tehnologija sveobuhvatno poboljšava učinkovitost operacija čitanja i pitanja kako bi se znatno smanjili učinci starenja uređaja, osiguravajući besprijekorno korisničko iskustvo čak i nakon godina upotrebe.</string>
<string name="technique_computing_title">Vitalizacija CPU-a</string>
<string name="technique_computing_content">Vodeće raspoređivanje računalne snage za uravnoteženje performansi i potrošnje energije. Računalno intenzivni zadaci rade uglađeno bez pražnjenja baterije.</string>