<string name="certificate_36_ant_aging">Utendakazi bora kwa miezi 36</string>
<string name="certificate_48_ant_aging">Utendakazi bora kwa miezi 48</string>
<string name="certificate_tuv_48_fluent_system">Ukadiriaji A wa ufasaha kwa miezi 48</string>
<string name="certificate_oppo_lab">Imethibitishwa na OPPO Labs</string>
<string name="certificate_ttl_tab">Imethibitishwa na CCTL</string>
<string name="certificate_tuv_lab">Imethibitishwa na TÜV SÜD</string>
<string name="certificate_year_fluent_system">Simu inayofanya kazi vizuri ya mwaka</string>
<string name="certificate_ludashi_2022_test">Ilitunukiwa na Ludashi mnamo mwaka wa 2022</string>
<string name="technique_memory_gen_title">Uimarishaji wa RAM</string>
<string name="technique_memory_gen_content">Teknolojia ya kipekee ya uchapuzaji wa kumbukumbu, iliyoundiwa ndani, inatoa uzinduzi wa haraka zaidi wa programu na ubadilishaji wa programu, kwa utendakazi bora wa jumla.</string>
<string name="technique_file_title">Uimarishaji wa ROM</string>
<string name="technique_file_content">Teknolojia ya I/O inayoongoza kwa sekta inaboresha kwa ujumla ufanisi wa shughuli za kusoma na kuandika ili kupunguza pakubwa athari za kifaa chako kuchakaa, inayohakikisha matumizi rahisi ya mtumiaji hata baada ya miaka nyingi ya matumizi.</string>
<string name="technique_computing_title">Uimarishaji wa CPU</string>
<string name="technique_computing_content">Uratibu unaoongoza wa nishati ya kompyuta ya kusawazisha utendakazi na matumizi ya nishati. Kazi zinazotumia sana kompyuta zinaendeshwa vizuri bila ya kumaliza betri.</string>