<string name="certificate_36_ant_aging">36 လကြာ အကောင်းဆုံး စွမ်းဆောင်ရည်</string>
<string name="certificate_48_ant_aging">48 လကြာ အကောင်းဆုံး စွမ်းဆောင်ရည်</string>
<string name="certificate_tuv_48_fluent_system">48 လကြာ သွက်လက်မှု အဆင့်သတ်မှတ်ချက် A</string>
<string name="certificate_oppo_lab">OPPO Labs က အသိအမှတ်ပြုထားသည်</string>
<string name="certificate_ttl_tab">CTTL က အသိအမှတ်ပြုထားသည်</string>
<string name="certificate_tuv_lab">TÜV SÜD က အသိအမှတ်ပြုထားသည်</string>
<string name="certificate_year_fluent_system">တစ်နှစ်တာ အချောမွေ့ဆုံး လုပ်ဆောင်နိုင်သည့်ဖုန်း</string>
<string name="certificate_ludashi_2022_test">2022 တွင် Ludashi က ဆုချီးမြှင့်ထားသည်</string>
<string name="technique_memory_gen_title">RAM အသက်သွင်းပေးမှု</string>
<string name="technique_memory_gen_content">ကုမ္ပဏီတွင်း တီထွင်ထားသည့် သီးသန့် မမ်မိုရီ အရှိန်မြှင့် နည်းပညာက အက်ပ်ဖွင့်ခြင်းနှင့် အက်ပ်ပြောင်းခြင်းကို ပိုမိုမြန်ဆန်စေပြီး အလုံးစုံ စွမ်းဆောင်ရည်ကို ပိုကောင်းစေသည်။</string>
<string name="technique_file_title">ROM အသက်သွင်းပေးမှု</string>
<string name="technique_file_content">လုပ်ငန်းနယ်ပယ်တွင် ဦးဆောင်လျက်ရှိသော I/O နည်းပညာသည် ဖတ်ခြင်း၊ ရေးခြင်းလုပ်ဆောင်ချက်များ၏ ထိရောက်မှုကို ဘက်ပေါင်းစုံမှ မြှင့်တင်ပေးကာ သင့်စက်အိုဟောင်းလာစေသည့်အချက်များကို သိသိသာသာလျှော့ချပေးသဖြင့် နှစ်ပေါင်းများစွာ အသုံးပြုပြီးသည့်တိုင်အောင် ချောမွေ့မှုရှိသော အသုံးပြုသူ အတွေ့အကြုံကို သေချာပေါက် ရစေသည်။</string>
<string name="technique_computing_title">CPU အသက်သွင်းပေးမှု</string>
<string name="technique_computing_content">စွမ်းဆောင်ရည်နှင့် ပါဝါသုံးစွဲမှုကို ချိန်ညှိရန် ပါဝါအချိန်ဇယားတွက်ချက်ပေးနိုင်သည့် အထင်ကရစွမ်းရည်။ တွက်ချက်မှုအသားပေးသည့် အလုပ်များသည် ဘက်ထရီမစားဘဲ ချောမွေ့စွာ အလုပ်လုပ်သည်။</string>