<string name="certificate_36_ant_aging">الأداء الأمثل لمدة ٣٦ شهرًا</string>
<string name="certificate_48_ant_aging">الأداء الأمثل لمدة ٤٨ شهرًا</string>
<string name="certificate_tuv_48_fluent_system">يُصنَّف ضمن أعلى فئة في ما يتعلق بالسلاسة لمدة ٤٨ شهرًا</string>
<string name="certificate_oppo_lab">معتمد من قِبل مختبرات OPPO</string>
<string name="certificate_ttl_tab">معتمد من قِبل CTTL</string>
<string name="certificate_tuv_lab">معتمد من قِبل TÜV SÜD</string>
<string name="certificate_year_fluent_system">الهاتف الأكثر سلاسة في التشغيل هذا العام</string>
<string name="certificate_ludashi_2022_test">حاصل على جائزة من Ludashi في عام ٢٠٢٢</string>
<string name="technique_memory_gen_title">تنشيط ذاكرة الوصول العشوائي</string>
<string name="technique_memory_gen_content">تساعد التقنية الحصرية لتسريع الذاكرة التي تم تطويرها داخليًا على تشغيل التطبيقات والتبديل بينها بشكل أسرع للحصول على أداء أفضل بشكل عام.</string>
<string name="technique_file_title">تنشيط ذاكرة القراءة فقط</string>
<string name="technique_file_content">تعمل تقنية الإدخال/الإخراج الرائدة في الصناعة على تحسين فعالية عمليات القراءة والكتابة بشكل كبير للتقليل بدرجة كبيرة من تأثيرات تقادم الجهاز، ما يضمن تجربة مستخدم سلسة حتى بعد سنوات من الاستخدام.</string>
<string name="technique_computing_title">تنشيط وحدة المعالجة المركزية</string>
<string name="technique_computing_content">يتميز بجدولة رائدة لطاقة الحوسبة من أجل تحقيق التوازن بين الأداء واستهلاك الطاقة. حيث تعمل مهام الحوسبة المكثفة بسلاسة من دون استنزاف البطارية.</string>