<string name="certificate_36_ant_aging">36-મહિનાની શ્રેષ્ઠ કામગીરી</string>
<string name="certificate_48_ant_aging">48-મહિનાની શ્રેષ્ઠ કામગીરી</string>
<string name="certificate_tuv_48_fluent_system">48-મહિનાનું ફ્લુએન્સી રેટિંગ A</string>
<string name="certificate_oppo_lab">OPPO Labs દ્વારા પ્રમાણિત</string>
<string name="certificate_ttl_tab">CTTL દ્વારા પ્રમાણિત</string>
<string name="certificate_tuv_lab">TÜV SÜD દ્વારા પ્રમાણિત</string>
<string name="certificate_year_fluent_system">વર્ષનો સ્મૂધ ચાલતો ફોન</string>
<string name="certificate_ludashi_2022_test">2022 માં Ludashi દ્વારા એવોર્ડ પ્રાપ્ત</string>
<string name="technique_memory_gen_title">RAM વાઇટલાઇઝેશન</string>
<string name="technique_memory_gen_content">એક્સક્લૂસિવ મેમરી એક્સિલરેશન ટેક્નૉલૉજી, ઇન-હાઉસ વિકસાવવામાં આવી છે, જે એકંદર વધુ સારી કાર્યક્ષમતા માટે એપ લૉન્ચ અને એપ વચ્ચે ઝડપથી બદલવાની સુવિધા આપે છે.</string>
<string name="technique_file_title">ROM વાઇટલાઇઝેશન</string>
<string name="technique_file_content">ઉદ્યોગની અગ્રણી I/O ટેકનોલોજી તમારા ડિવાઇસની આવરદા પૂરી થવાની અસરોને નોંધપાત્ર રીતે ઘટાડવા માટે વાંચવા અને લખવાની કામગીરીની કાર્યક્ષમતામાં વ્યાપકપણે સુધારો કરે છે, જે વર્ષોના ઉપયોગ પછી પણ સરળ વપરાશકર્તા અનુભવને સુનિશ્ચિત કરે છે.</string>
<string name="technique_computing_title">CPU વાઇટલાઇઝેશન</string>
<string name="technique_computing_content">કાર્યક્ષમતા અને પાવર વપરાશને સંતુલિત રાખવા અગ્રણી કમ્પ્યુટ પાવર શેડ્યુલિંગ. વધુ ગણતરીની જરૂર હોય એવા કાર્યો બૅટરીને ઝડપથી ઉતાર્યા વગર સરળતાથી ચાલે છે.</string>