<string name="certificate_36_ant_aging">36 மாத உகந்த செயல்திறன்</string>
<string name="certificate_48_ant_aging">48 மாத உகந்த செயல்திறன்</string>
<string name="certificate_tuv_48_fluent_system">48 மாத ஃபுலுவன்ஷி மதிப்பீடு A</string>
<string name="certificate_oppo_lab">OPPO Labs-ஆல் சான்றளிக்கப்பட்டது</string>
<string name="certificate_ttl_tab">CTTL-ஆல் சான்றளிக்கப்பட்டது</string>
<string name="certificate_tuv_lab">TÜV SÜD-ஆல் சான்றளிக்கப்பட்டது</string>
<string name="certificate_year_fluent_system">இந்த வருடத்தின் ஸ்மூத்தாக இயங்கும் மொபைல்</string>
<string name="certificate_ludashi_2022_test">2022-இல் Ludashi விருது பெற்றது</string>
<string name="technique_memory_gen_title">RAM உயிர்வாக்கம்</string>
<string name="technique_memory_gen_content">நிறுவனத்தில் சொந்தமாக உருவாக்கப்பட்ட பிரத்யேக நினைவக ஆக்ஸிலரேஷன் தொழில்நுட்பம், சிறந்த ஒட்டுமொத்த செயல்திறனுக்கான விரைவான செயலித் துவக்கம் மற்றும் செயலி மாற்றத்தை வழங்குகிறது.</string>
<string name="technique_file_title">ROM உயிர்வாக்கம்</string>
<string name="technique_file_content">தொழில்துறையின் முன்னணி I/O தொழில்நுட்பம் உங்கள் சாதனம் பழையதாகுவதால் ஏற்படும் விளைவுகளைக் கணிசமாகக் குறைக்க, படித்தல் மற்றும் எழுதுதல் செயல்பாட்டின் திறனை முழுமையாக மேம்படுத்துகிறது, பல ஆண்டுகள் உபயோகத்திற்குப் பிறகும் ஸ்மூத்தான பயனர் அனுபவத்தை உறுதிசெய்கிறது.</string>
<string name="technique_computing_title">CPU உயிர்வாக்கம்</string>
<string name="technique_computing_content">செயல்திறன் மற்றும் மின் நுகர்வு ஆகியவற்றைச் சமநிலைப்படுத்துவதற்கான முன்னணி கம்ப்யூட் பவர் திட்டமிடல். தீவிர கம்ப்யூட் பணிகள், பேட்டரியைக் காலியாக்காமல் சீராக இயங்கும்.</string>