<string name="certificate_36_ant_aging">36 oylik optimal unumdorlik</string>
<string name="certificate_48_ant_aging">48 oylik optimal unumdorlik</string>
<string name="certificate_tuv_48_fluent_system">48 oylik A ravonlik reytingi</string>
<string name="certificate_oppo_lab">OPPO Labs tomonidan sertifikatlangan</string>
<string name="certificate_ttl_tab">CTTL tomonidan sertifikatlangan</string>
<string name="certificate_tuv_lab">TÜV SÜD tomonidan sertifikatlangan</string>
<string name="certificate_year_fluent_system">Yilning eng ravon ishlaydigan telefoni</string>
<string name="certificate_ludashi_2022_test">Ludashi tomonidan 2022-yilda mukofotlangan</string>
<string name="technique_memory_gen_title">RAM samaradorligi</string>
<string name="technique_memory_gen_content">Kompaniyada ishlab chiqarilgan ekskluziv xotirani tezlatish texnologiyasi, umumiy unumdorlikni oshirish uchun ilovalarni tezroq ishga tushirish va ular orasida almashish imkonini beradi.</string>
<string name="technique_file_title">ROM samaradorligi</string>
<string name="technique_file_content">Sohadagi yetakchi kiritish/chiqarish texnologiyasi qurilmangizdagi eskirishini sezilarli darajada sekinlatish uchun oʻqish va yozish amallari samaradorligini har tomonlama oshiradi hamda yillar davomida ishlatilganidan keyin ham muammosiz foydalanish taassurotini taʼminlaydi.</string>
<string name="technique_computing_title">CPU samaradorligi</string>
<string name="technique_computing_content">Unumdorlik va quvvat sarfini muvozanatlash uchun hisoblash resurslarini rejalashtirish yetakchi texnologiyasi. Intensiv hisoblash vazifalari batareya quvvatini ortiqcha sarflamasdan ravon bajariladi.</string>