<string name="certificate_36_ant_aging">36 månaders optimal prestanda</string>
<string name="certificate_48_ant_aging">48 månaders optimal prestanda</string>
<string name="certificate_tuv_48_fluent_system">48 månaders A-bedömning</string>
<string name="certificate_oppo_lab">Certifierad av OPPO Labs</string>
<string name="certificate_ttl_tab">Certifierad av CTTL</string>
<string name="certificate_tuv_lab">Certifierad av TÜV SÜD</string>
<string name="certificate_year_fluent_system">Årets bästa telefon</string>
<string name="certificate_ludashi_2022_test">Enligt Ludashi 2022</string>
<string name="technique_memory_gen_title">RAM-vitalisering</string>
<string name="technique_memory_gen_content">En exklusiv teknik för minnesacceleration som utvecklats internt och gör så att det går snabbare att starta och växla mellan appar samt förbättrar enhetens övergripande prestanda.</string>
<string name="technique_file_title">ROM-vitalisering</string>
<string name="technique_file_content">En branschledande inmatning-/utmatningsteknik som förbättrar den övergripande effektiviteten för läs- och skrivåtgärder för att reducera enhetens åldrande och se till att den fungerar väl även efter att du har använt den i många år.</string>
<string name="technique_computing_title">Processorvitalisering</string>
<string name="technique_computing_content">Ledande beräkningskraft för balanserad prestanda och strömförbrukning. Beräkningsintensiva uppgifter körs smidigt utan att tömma batteriet.</string>