<string name="certificate_36_ant_aging">36 na buwang mahusay na performance</string>
<string name="certificate_48_ant_aging">48 buwang mahusay na performance</string>
<string name="certificate_tuv_48_fluent_system">48 buwang fluency rating A</string>
<string name="certificate_oppo_lab">Na-certify ng OPPO Labs</string>
<string name="certificate_ttl_tab">Na-certify ng CTTL</string>
<string name="certificate_tuv_lab">Na-certify ng TÜV SÜD</string>
<string name="certificate_year_fluent_system">Maayos na gumaganang telepono ng taon</string>
<string name="certificate_ludashi_2022_test">Iginawad ng Ludashi noong 2022</string>
<string name="technique_memory_gen_title">Vitalization ng RAM</string>
<string name="technique_memory_gen_content">Eksklusibong teknolohiya ng acceleration ng memory, ginawa in-house, naghahatid ng mas mabilis na paglulunsad ng app at paglipat ng app para sa mas magandang pangkalahatang performance.</string>
<string name="technique_file_title">Vitalization ng ROM</string>
<string name="technique_file_content">Komprehensibong pinapahusay ng teknolohiya sa I/O na nangunguna sa industriya ang efficiency ng mga pagpapatakbong pag-read at pag-write para lubos na mabawasan ang mga epekto ng pagkaluma sa iyong device, na tumitiyak na magiging maayos ang karanasan ng user kahit matapos ang maraming taon ng paggamit.</string>
<string name="technique_computing_title">Vitalization ng CPU</string>
<string name="technique_computing_content">Nangungunang compute power scheduling para mabalanse ang performance at pagkonsumo ng power. Gumagana nang maayos ang mga gawaing compute-intensive nang hindi inuubos ang baterya.</string>