<string name="certificate_36_ant_aging">36 mesi di prestazioni ottimali</string>
<string name="certificate_48_ant_aging">48 mesi di prestazioni ottimali</string>
<string name="certificate_tuv_48_fluent_system">48 mesi di fluidità classe A</string>
<string name="certificate_oppo_lab">Certificato OPPO Labs</string>
<string name="certificate_ttl_tab">Certificato CTTL</string>
<string name="certificate_tuv_lab">Certificato TÜV SÜD</string>
<string name="certificate_year_fluent_system">Il telefono più potente dell&apos;anno</string>
<string name="certificate_ludashi_2022_test">Premiato Ludashi nel 2022</string>
<string name="technique_memory_gen_title">Rivitalizzazione RAM</string>
<string name="technique_memory_gen_content">L&apos;esclusiva tecnologia di accelerazione della memoria, sviluppata in-house, consente un avvio delle app più rapido e il passaggio da un&apos;app all&apos;altra per prestazioni complessive migliori.</string>
<string name="technique_file_title">Rivitalizzazione ROM</string>
<string name="technique_file_content">La tecnologia I/O leader del settore migliora complessivamente l&apos;efficienza delle operazioni di lettura e scrittura per ridurre in modo significativo gli effetti del tempo sul tuo dispositivo, assicurando così un&apos;esperienza utente fluida anche dopo anni di utilizzo.</string>
<string name="technique_computing_title">Rivitalizzazione CPU</string>
<string name="technique_computing_content">Gestione della potenza di calcolo fenomenale per bilanciare prestazioni e consumo energetico. Esecuzione fluida delle operazioni a calcolo intensivo senza scaricare la batteria.</string>