<string name="certificate_36_ant_aging">عملکرد بهینه ۳۶ماهه</string>
<string name="certificate_48_ant_aging">عملکرد بهینه ۴۸ماهه</string>
<string name="certificate_tuv_48_fluent_system">امتیاز رتبه‌بندی A برای روانی کارکرد ۴۸ماهه</string>
<string name="certificate_oppo_lab">دارای گواهی از سوی OPPO Labs</string>
<string name="certificate_ttl_tab">دارای گواهی از سوی CTTL</string>
<string name="certificate_tuv_lab">دارای گواهی از سوی TÜV SÜD</string>
<string name="certificate_year_fluent_system">تلفن برتر سال از نظر روانی کارکرد</string>
<string name="certificate_ludashi_2022_test">از سوی Ludashi در سال 2022 اهدا شد</string>
<string name="technique_memory_gen_title">RAM Vitalization</string>
<string name="technique_memory_gen_content">فناوری انحصاری شتاب‌بخشی به حافظه، که به‌صورت داخلی توسعه یافته است، امکان اجرای سریع‌تر برنامه‌ها و جابجایی بین برنامه‌ها را فراهم می‌کند و بازده کلی را ارتقا می‌بخشد.</string>
<string name="technique_file_title">ROM Vitalization</string>
<string name="technique_file_content">فناوری پیشرفته صنعتی I/O کارآیی عملکردهای خواندن و نوشتن را به‌طور کلی افزایش می‌دهد، تاثیر منفی گذشت زمان بر دستگاه را به‌ میزان چشمگیری کاهش می‌دهد و دستیابی به تجربه کاربری روان را حتی پس از سالها استفاده امکان‌پذیر می‌سازد.</string>
<string name="technique_computing_title">CPU Vitalization</string>
<string name="technique_computing_content">فناوری پیشرو در زمان‌بندی توان محاسباتی برای برقراری تعادل بین عملکرد و مصرف انرژی دستگاه. وظایف فشرده محاسباتی بدون تخلیه شارژ باتری به نرمی اجرا می‌شوند.</string>