<string name="certificate_36_ant_aging">36-ತಿಂಗಳ ಅತ್ಯುತ್ತಮ ಕಾರ್ಯಕ್ಷಮತೆ</string>
<string name="certificate_48_ant_aging">48-ತಿಂಗಳ ಅತ್ಯುತ್ತಮ ಕಾರ್ಯಕ್ಷಮತೆ</string>
<string name="certificate_tuv_48_fluent_system">48-ತಿಂಗಳ ನಿರರ್ಗಳ ರೇಟಿಂಗ್ A</string>
<string name="certificate_oppo_lab">OPPO Labs ನಿಂದ ಪ್ರಮಾಣೀಕರಿಸಲಾಗಿದೆ</string>
<string name="certificate_ttl_tab">CTTL ನಿಂದ ಪ್ರಮಾಣೀಕರಿಸಲಾಗಿದೆ</string>
<string name="certificate_tuv_lab">TÜV SÜD ನಿಂದ ಪ್ರಮಾಣೀಕರಿಸಲಾಗಿದೆ</string>
<string name="certificate_year_fluent_system">ವರ್ಷದ ಸ್ಮೂತ್ ರನ್ನಿಂಗ್ ಫೋನ್</string>
<string name="certificate_ludashi_2022_test">2022 ರಲ್ಲಿ Ludashi ಯಿಂದ ಪ್ರಶಸ್ತಿಯನ್ನು ನೀಡಲಾಗಿದೆ</string>
<string name="technique_memory_gen_title">RAM ವೈಟಲೈಸೇಶನ್</string>
<string name="technique_memory_gen_content">ಆಂತರಿಕವಾಗಿ ಅಭಿವೃದ್ಧಿಪಡಿಸಲಾದ, ವಿಶೇಷ ಮೆಮೊರಿ ವೇಗವರ್ಧಕ ತಂತ್ರಜ್ಞಾನವು, ಉತ್ತಮವಾದ ಒಟ್ಟಾರೆ ಕಾರ್ಯಕ್ಷಮತೆಗಾಗಿ, ತ್ವರಿತ ಆ್ಯಪ್ ಬಿಡುಗಡೆ ಮತ್ತು ಆ್ಯಪ್ ಸ್ವಿಚಿಂಗ್ ಅನ್ನು ನೀಡುತ್ತದೆ.</string>
<string name="technique_file_title">ROM ವೈಟಲೈಸೇಶನ್</string>
<string name="technique_file_content">ಉದ್ಯಮ-ಪ್ರಮುಖ I/O ತಂತ್ರಜ್ಞಾನವು ನಿಮ್ಮ ಸಾಧನದಲ್ಲಿ ಹಳೆಯ ಪರಿಣಾಮಗಳನ್ನು ಗಮನಾರ್ಹವಾಗಿ ಕಡಿಮೆ ಮಾಡಲು ಓದುವ ಮತ್ತು ಬರೆಯುವ ಕಾರ್ಯಾಚರಣೆಗಳ ದಕ್ಷತೆಯನ್ನು ಸಮಗ್ರವಾಗಿ ಸುಧಾರಿಸುತ್ತದೆ, ಇದು ವರ್ಷಗಳ ಬಳಕೆಯ ನಂತರವೂ ಸುಗಮ ಬಳಕೆದಾರ ಅನುಭವವನ್ನು ಖಚಿತಪಡಿಸುತ್ತದೆ.</string>
<string name="technique_computing_title">CPU ವೈಟಲೈಸೇಶನ್</string>
<string name="technique_computing_content">ಕಾರ್ಯಕ್ಷಮತೆ ಮತ್ತು ಪವರ್ ಬಳಕೆಯನ್ನು ಸಮತೋಲನಗೊಳಿಸಲು ಪ್ರಮುಖ ಕಂಪ್ಯೂಟ್ ಪವರ್ ಶೆಡ್ಯೂಲಿಂಗ್. ಕಂಪ್ಯೂಟ್-ಇಂಟೆನ್ಸಿವ್ ಕಾರ್ಯಗಳು ಬ್ಯಾಟರಿಯನ್ನು ಖಾಲಿ ಮಾಡದೆಯೇ ಸರಾಗವಾಗಿ ರನ್ ಆಗುತ್ತವೆ.</string>