<string name="certificate_36_ant_aging">36 ماہ کی بہترین کارکردگی</string>
<string name="certificate_48_ant_aging">48 ماہ کی بہترین کارکردگی</string>
<string name="certificate_tuv_48_fluent_system">48 ماہ کی روانی درجہ الف</string>
<string name="certificate_oppo_lab">OPPO Labs کی طرف سے تصدیق یافتہ</string>
<string name="certificate_ttl_tab">CTTL کی طرف سے تصدیق یافتہ</string>
<string name="certificate_tuv_lab">TÜV SÜD کی طرف سے تصدیق یافتہ</string>
<string name="certificate_year_fluent_system">روانی سے چلنے والا سال کا بہترین فون</string>
<string name="certificate_ludashi_2022_test">2022 میں Ludashi کی طرف سے ایوارڈ یافتہ</string>
<string name="technique_memory_gen_title">RAM کو تقویت دینا</string>
<string name="technique_memory_gen_content">ہماری خود تیار کردہ یادداشت کو تیز کرنے والی خصوصی ٹیکنالوجی بہتر مجموعی کارکردگی کے لیے پہلے سے تیز ایپ لانچ اور ایپ سوئچنگ ڈیلیور کرتی ہے۔</string>
<string name="technique_file_title">ROM کو تقویت دینا</string>
<string name="technique_file_content">صنعتی معیار کی I/O ٹیکنالوجی جامع انداز میں پڑھنے اور لکھنے کے آپریشنز کی استعداد بہتر بناتی ہے تاکہ آپ کے ڈیوائس پر بڑھاپے کے اثرات نمایاں حد تک کم کیے جائیں اور سالوں کے استعمال کے بعد بھی رواں صارفی تجربہ یقینی بنایا جائے۔</string>
<string name="technique_computing_title">CPU کو تقویت دینا</string>
<string name="technique_computing_content">کارکردگی اور پاور کی کھپت کو متوازن کرنے کے لیے قائدانہ کمپیوٹ پاور شیڈولنگ۔ کمپیوٹ انٹینسیو ٹاسکس بیٹری کو ختم کیے بغیر روانی سے چلتے ہیں۔</string>