<string name="certificate_36_ant_aging">ประสิทธิภาพการทำงานที่ดีที่สุด 36 เดือน</string>
<string name="certificate_48_ant_aging">ประสิทธิภาพการทำงานที่ดีที่สุด 48 เดือน</string>
<string name="certificate_tuv_48_fluent_system">การรับรอง 48-month fluency rating A</string>
<string name="certificate_oppo_lab">รับรองโดยห้องปฏิบัติการของ OPPO</string>
<string name="certificate_ttl_tab">รับรองโดย CTTL</string>
<string name="certificate_tuv_lab">การรับรองโดย TÜV SÜD</string>
<string name="certificate_year_fluent_system">โทรศัพท์ที่ทำงานได้อย่างราบรื่นแห่งปี</string>
<string name="certificate_ludashi_2022_test">ได้รับรางวัลจาก Ludashi ในปี 2022</string>
<string name="technique_memory_gen_title">การฟื้นฟู RAM</string>
<string name="technique_memory_gen_content">เทคโนโลยีในการเร่งหน่วยความจำแบบพิเศษ พัฒนาด้วยตัวเอง ให้การเรียกใช้แอปและการเปลี่ยนแอปที่เร็วกว่า เพื่อประสิทธิภาพโดยรวมที่ดียิ่งขึ้น</string>
<string name="technique_file_title">การฟื้นฟู ROM</string>
<string name="technique_file_content">เทคโนโลยี I/O ระดับแถวหน้าในอุตสาหกรรมที่พัฒนาประสิทธิภาพของการอ่านและเขียนได้อย่างครอบคลุม เพื่อลดผลกระทบต่าง ๆ ที่เกิดจากการอายุใช้งานของอุปกรณ์คุณได้เป็นอย่างมาก รวมทั้งทําให้ได้รับประสบการณ์การใช้งานที่ราบรื่นแม้จะใช้งานมานานหลายปีก็ตาม</string>
<string name="technique_computing_title">การฟื้นฟู CPU</string>
<string name="technique_computing_content">การควบคุมการจัดการพลังงานในคอมพิวเตอร์เพื่อปรับประสิทธิภาพการทำงานและการใช้พลังงานให้สมดุล งานที่ต้องประมวลผลอย่างหนักก็ทำงานได้อย่างราบรื่นโดยไม่เปลืองแบตเตอรี่</string>