<string name="certificate_36_ant_aging">36 महिन्यांचे इष्टतम कार्यप्रदर्शन</string>
<string name="certificate_48_ant_aging">48 महिन्यांचे इष्टतम कार्यप्रदर्शन</string>
<string name="certificate_tuv_48_fluent_system">48-महिना प्रवाही रेटिंग A</string>
<string name="certificate_oppo_lab">OPPO Labs द्वारे प्रमाणित</string>
<string name="certificate_ttl_tab">CTTL द्वारे प्रमाणित</string>
<string name="certificate_tuv_lab">TÜV SÜD द्वारे प्रमाणित</string>
<string name="certificate_year_fluent_system">वर्षातील गतीशीलपणे कार्यांन्वित फोन</string>
<string name="certificate_ludashi_2022_test">2022 मध्ये Ludashi द्वारे पुरस्कृत</string>
<string name="technique_memory_gen_title">RAM व्हिटलायझेशन</string>
<string name="technique_memory_gen_content">इन-हाउस विकसित केलेले अनन्य मेमरी प्रवेग तंत्रज्ञान, चांगल्या एकूण कार्यप्रदर्शनासाठी जलद अॅप लॉन्च आणि अॅप स्विचिंग प्रदान करते.</string>
<string name="technique_file_title">ROM व्हिटलायझेशन</string>
<string name="technique_file_content">उद्योग-अग्रगण्य I/O तंत्रज्ञान आपल्या डिव्हाइसवरील वृद्धत्वाचे प्रभाव खूप कमी करण्यासाठी वाचन आणि लेखन ऑपरेशन्सची कार्यक्षमता सर्वसमावेशकपणे सुधारते, बरीच वर्षे वापरल्यानंतर देखील सहज वापरकर्ता अनुभव सुनिश्चित करते.</string>
<string name="technique_computing_title">CPU व्हिटलायझेशन</string>
<string name="technique_computing_content">कार्यप्रदर्शन आणि वीज वापर संतुलित करण्यासाठी अग्रगण्य कंप्यूट पॉवर शेड्यूलिंग. गणना-केंद्रित कार्ये बॅटरी न संपवता सुरळीतपणे चालतात.</string>