<string name="certificate_36_ant_aging">Optimální výkon po dobu 36 měsíců</string>
<string name="certificate_48_ant_aging">Optimální výkon po dobu 48 měsíců</string>
<string name="certificate_tuv_48_fluent_system">Hodnocení plynulosti na úrovni „A“ po dobu 48 měsíců</string>
<string name="certificate_oppo_lab">Certifikace OPPO Labs</string>
<string name="certificate_ttl_tab">Certifikace CTTL</string>
<string name="certificate_tuv_lab">Certifikace TÜV SÜD</string>
<string name="certificate_year_fluent_system">Hladce běžící telefon roku</string>
<string name="certificate_ludashi_2022_test">Ocenění Ludashi z roku 2022</string>
<string name="technique_memory_gen_title">Vitalizace RAM</string>
<string name="technique_memory_gen_content">Exkluzivní technologie urychlení paměti, vyvinutá přímo výrobcem, přináší rychlejší spouštění a přepínání aplikací ve prospěch celkově vyššího výkonu.</string>
<string name="technique_file_title">Vitalizace ROM</string>
<string name="technique_file_content">Špičková technologie I/O obecně zvyšuje efektivitu operací čtení i zápisu, a tak výrazně omezuje projevy stárnutí vašeho zařízení a zajišťuje hladké fungování uživatelského rozhraní i po letech používání.</string>
<string name="technique_computing_title">Vitalizace CPU</string>
<string name="technique_computing_content">Přední technologie plánování výpočetního výkonu pro vyvážený výkon a spotřebu energie. Úlohy náročné na výpočetní výkon běží hladce a bez zbytečného vybíjení baterie.</string>