<string name="certificate_36_ant_aging">36 mēnešu optimāla veiktspēja</string>
<string name="certificate_48_ant_aging">48 mēnešu optimāla veiktspēja</string>
<string name="certificate_tuv_48_fluent_system">48 mēnešu A kategorijas veiktspēja</string>
<string name="certificate_oppo_lab">Sertificējis OPPO Labs</string>
<string name="certificate_ttl_tab">Sertificējis CTTL</string>
<string name="certificate_tuv_lab">Sertificējis TÜV SÜD</string>
<string name="certificate_year_fluent_system">Gada tālrunis ar vienmērīgu darbību</string>
<string name="certificate_ludashi_2022_test">2022. gadā piešķīra Ludashi</string>
<string name="technique_memory_gen_title">RAM vitalizācija</string>
<string name="technique_memory_gen_content">Uzņēmumā izstrādāta ekskluzīva atmiņas darbības paātrināšanas tehnoloģija nodrošina ātrāku lietotņu palaišanu un lietotņu pārslēgšanu, lai kopējā veiktspēja būtu labāka.</string>
<string name="technique_file_title">ROM vitalizācija</string>
<string name="technique_file_content">Nozarē vadošā ievadizvadtehnoloģija visaptveroši uzlabo lasīšanas un rakstīšanas darbības, lai būtiski samazinātu ierīces novecošanās efektus un nodrošinātu vienmērīgu lietotāja pieredzi pat pēc daudzu gadu lietošanas.</string>
<string name="technique_computing_title">CPU vitalizācija</string>
<string name="technique_computing_content">Vadošā skaitļošanas jaudas plānošana, lai līdzsvarotu veiktspēju un enerģijas patēriņu. Intensīvi skaitļošanas uzdevumi darbojas vienmērīgi, neiztukšojot akumulatoru.</string>