<string name="certificate_36_ant_aging">ביצועים אופטימליים במשך 36 חודשים</string>
<string name="certificate_48_ant_aging">ביצועים אופטימליים במשך 48 חודשים</string>
<string name="certificate_tuv_48_fluent_system">דירוג A לפעולה רציפה במשך 48 חודשים</string>
<string name="certificate_oppo_lab">באישור מעבדות OPPO</string>
<string name="certificate_ttl_tab">באישור CTTL</string>
<string name="certificate_tuv_lab">באישור TÜV SÜD</string>
<string name="certificate_year_fluent_system">הטלפון של השנה, עם פעולה נטולת שיבושים</string>
<string name="certificate_ludashi_2022_test">הוכר על ידי Ludashi ב-2022</string>
<string name="technique_memory_gen_title">שיפור זיכרון RAM</string>
<string name="technique_memory_gen_content">טכנולוגיית האצת זיכרון בלעדית, בפיתוח פנימי, מספקת הפעלה מהירה יותר של אפליקציות, מעבר מהיר יותר בין אפליקציות וביצועים כלליים טובים יותר.</string>
<string name="technique_file_title">שיפור זיכרון ROM</string>
<string name="technique_file_content">טכנולוגיית I/O מובילה בתחומה משפרת באופן מקיף את היעילות של פעולות קריאה וכתיבה ובכך מפחיתה באופן משמעותי את השפעות ההתיישנות על המכשיר שלך, מה שמבטיח חווית משתמש חלקה גם לאחר שנים של שימוש.</string>
<string name="technique_computing_title">שיפור ביצועי המעבד</string>
<string name="technique_computing_content">תזמון מיטבי של עוצמת המחשוב לאיזון בין ביצועים לבין צריכת הספק. משימות תובעניות פועלות ללא שיבושים ומבלי לרוקן את הסוללה.</string>
