﻿<string name="certificate_36_ant_aging">ཟླ་བ་ 36 ལ་རྒས་འགྱུར་འགོག་པ།</string>
<string name="certificate_48_ant_aging">ཟླ་བ་ 48 ལ་རྒས་འགྱུར་འགོག་པ།</string>
<string name="certificate_tuv_48_fluent_system">ཟླ་བ་ 48 ལ་ A རིམ་པའི་ཐོགས་མེད་རང་བཞིན།</string>
<string name="certificate_oppo_lab">OPPO ཚོད་ལྟ་ཁང་གི་ར་སྤྲོད།</string>
<string name="certificate_ttl_tab">ཐའེ་ཨེར་ཚོད་ལྟ་ཁང་གི་ར་སྤྲོད།</string>
<string name="certificate_tuv_lab">TÜV འཇར་མན་ལག་རྩལ་ཞིབ་བཤེར་ཚོགས་པའི་ར་སྤྲོད།</string>
<string name="certificate_year_fluent_system">ལོ་འཁོར་གྱི་ཐོགས་པ་མེད་པའི་ལག་ཁྱེར་ཁ་པར་མ་ལག</string>
<string name="certificate_ludashi_2022_test">ལུའུ་ཏ་ཧྲིའི་ 2022 ལོའི་ལོ་འཁོར་དཔྱད་འཇོག</string>
<string name="technique_memory_gen_title">ནང་གསོག་གཞི་རྒྱུ་བསྐྱར་སྒྲིག</string>
<string name="technique_memory_gen_content">ཁེར་ཚུགས་ངང་རང་གིས་ཞིབ་འཇུག་བྱས་པའི་ནང་གསོག་གཤིས་ནུས་འགྲོས་སྣོན་ལག་རྩལ་ལྡན་ཞིང་། ཕན་ནུས་ལྡན་པར་ཉེར་སྤྱོད་འགོ་སློང་བ་དང་བརྗེ་བའི་མྱུར་ཚད་མཐོར་འདེགས་བཏང་སྟེ། ལག་ཁྱེར་ཁ་པར་སྔར་ལས་ཐོགས་པ་མེད་པར་བྱེད།</string>
<string name="technique_file_title">གསོག་འཇོག་ལག་རྩལ་གསར་སློང་།</string>
<string name="technique_file_content">ལས་རིགས་ཀྱི་སྔོན་ཐོན་ IO བསྐྱར་སྒྲིག་ལག་རྩལ་ལྡན་ཞིང་། ཁྱོན་ཡོངས་ནས་ཡིག་ཆ་འབྲི་ཀློག་གི་ལས་ཆོད་མཐོར་འདེགས་གཏོང་པ་དང་། རྒས་འགྱུར་འགོག་པའི་ཁྱད་ནུས་མངོན་གསལ་ཡིན་ལ། ནམ་ཡང་ཐོགས་པ་མེད་པའི་ཉམས་ལེན་མངོན་འགྱུར་ཡོང་བར་བྱེད།</string>
<string name="technique_computing_title">སྒྲོམ་ཕྲན་རྩིས་རྒྱག་མ་འཕྲུལ།</string>
<string name="technique_computing_content">ལས་རིགས་ཀྱི་སྔོན་ཐོན་རྩིས་ཤུགས་མཐུན་སྦྱོར་ལག་རྩལ་ལྡན་ཞིང་། ཕན་ནུས་ལྡན་པར་གཤིས་ནུས་དང་ནུས་གྲོན་དོ་མཉམ་ཐག་གཅོད་པ་དང་། ལྗིད་ཐེག་བཟོ་ལྗོངས་ཐོགས་པ་མེད་སྐབས་བཀོལ་ཡུན་སྔར་ལས་ལེགས་པར་བྱེད།</string>