﻿<string name="certificate_36_ant_aging">Prestasi optimum 36 bulan</string>
<string name="certificate_48_ant_aging">Prestasi optimum 48 bulan</string>
<string name="certificate_tuv_48_fluent_system">Rating kelancaran 48 bulan A</string>
<string name="certificate_oppo_lab">Diperakui oleh OPPO Labs</string>
<string name="certificate_ttl_tab">Diperakui oleh CTTL</string>
<string name="certificate_tuv_lab">Diperakui oleh TÜV SÜD</string>
<string name="certificate_year_fluent_system">Telefon paling lancar tahun ini</string>
<string name="certificate_ludashi_2022_test">Dianugerahkan oleh Ludashi pada tahun 2022</string>
<string name="technique_memory_gen_title">Penghidupan RAM</string>
<string name="technique_memory_gen_content">Teknologi pecutan memori eksklusif, dibangunkan sendiri, memberikan pelancaran aplikasi dan pertukaran aplikasi lebih cepat untuk prestasi keseluruhan yang lebih baik.</string>
<string name="technique_file_title">Penghidupan ROM</string>
<string name="technique_file_content">Teknologi I/O peneraju industri meningkatkan kecekapan operasi membaca dan menulis secara menyeluruh untuk mengurangkan kesan hayat dengan mendadak pada peranti anda dan memastikan pengalaman pengguna yang lancar walau selepas bertahun-tahun digunakan.</string>
<string name="technique_computing_title">Penghidupan CPU</string>
<string name="technique_computing_content">Penjadualan kuasa pengiraan peneraju untuk mengimbangi prestasi dan penggunaan kuasa. Tugasan intensif pengiraan berjalan lancar tanpa menghabiskan bateri.</string>