<string name="certificate_36_ant_aging">36 hilabeteko errendimendu hobeezina</string>
<string name="certificate_48_ant_aging">48 hilabeteko errendimendu hobeezina</string>
<string name="certificate_tuv_48_fluent_system">48 hilabeteko A isurpena</string>
<string name="certificate_oppo_lab">OPPO LAB-ek egiaztatuta</string>
<string name="certificate_ttl_tab">CTTL-k egiaztatuta</string>
<string name="certificate_tuv_lab">TÜV SÜD-ek egiaztatuta</string>
<string name="certificate_year_fluent_system">Urteko funtzionamendurik oneneko telefonoa</string>
<string name="certificate_ludashi_2022_test">Ludashi-k emanda 2022an</string>
<string name="technique_memory_gen_title">RAM biziberritzea</string>
<string name="technique_memory_gen_content">Guk geuk garatutako memoria azeleratzen duen teknologia esklusiboari esker, bizkorrago abiarazten eta aldatzen dira aplikazioak, oro har, errendimendua hobetuz.</string>
<string name="technique_file_title">ROM biziberritzea</string>
<string name="technique_file_content">Sektoreko punta-puntako I/O teknologiak nabarmen hobetzen ditu irakurtzeko eta idazteko eragiketen eraginkortasuna, eta izugarri murrizten dira gailua zahartzearen efektuak, erabiltzailearen esperientzia atsegina ziurtatuz urte luzez.</string>
<string name="technique_computing_title">PUZ biziberritzea</string>
<string name="technique_computing_content">Liderra errendimendua eta energia-kontsumoa orekatzeko konputazio-potentziaren programazioan. Konputazio intentsiboko zereginek primeran funtzionatzen dute, bateria agortu gabe.</string>