﻿<string name="certificate_36_ant_aging">36 ئاي كونىراشقا قارشى تۇرۇش</string>
<string name="certificate_48_ant_aging">48 ئاي كونىراشقا قارشى تۇرۇش</string>
<string name="certificate_tuv_48_fluent_system">48 ئاي A دەرىجىلىك راۋانلىق</string>
<string name="certificate_oppo_lab">OPPO تەجرىبىخانىسى دەلىللىگەن</string>
<string name="certificate_ttl_tab">تەيئېر تەجرىبىخانىسى دەلىللىگەن</string>
<string name="certificate_tuv_lab">TÜV گۇرۇھى دەلىللىگەن</string>
<string name="certificate_year_fluent_system">يىللىق راۋان يانفون سىستېمىسى</string>
<string name="certificate_ludashi_2022_test">لۇداشى 2022 يىللىق باھا</string>
<string name="technique_memory_gen_title">ئىچكى سىغىم گېنىنى قايتا تەشكىللەش</string>
<string name="technique_memory_gen_content">مۇستەقىل تەتقىق قىلىپ ياسىغان ئىچكى سىغىم ئىقتىدارىنى تىزلىتىش تېخنىكىسى بولۇپ، ئەپ قوزغىتىش ۋە ئالماشتۇرۇش سۈرئىتىنى ئۈنۈملۈك ئۆستۈرۈپ، يانفوننى تېخىمۇ راۋانلاشتۇرىدۇ</string>
<string name="technique_file_title">يېڭى ساقلاش تېخنىكىسى</string>
<string name="technique_file_content">ساھەدە ئالدىنقى قاتاردا تۇرىدىغان IO قايتا تەشكىللەش تېخنىكىسى بولۇپ، ھۆججەت ئوقۇش ۋە يېزىش ئۈنۈمىنى تولۇق ئۆستۈرىدۇ، قېرىشقا قارشى تۇرۇش ئۈنۈمى كۆرۈنەرلىك بولۇپ، يېڭى راۋان تەسىراتنى ئەمەلگە ئاشۇرىدۇ</string>
<string name="technique_computing_title">مىكرو قۇرۇلمىلىق ئالاھىدە ھېسابلاش موتورى</string>
<string name="technique_computing_content">ساھەدىكى ئالدىنقى قاتاردا تۇرىدىغان ھېسابلاش كۈچىنى يۆتكەش تېخنىكىسى بولۇپ، ئىقتىدار ۋە سەرپىيات تەڭپۇڭلۇقىنى ئۈنۈملۈك ھەل قىلىپ، كۆرۈنۈش راۋانلاشقاندا توك ساقلىشىنى تېخىمۇ ياخشىلايدۇ</string>