<string name="certificate_36_ant_aging">36-måneders optimal ydeevne</string>
<string name="certificate_48_ant_aging">48-måneders optimal ydeevne</string>
<string name="certificate_tuv_48_fluent_system">48-month Fluency Rating A</string>
<string name="certificate_oppo_lab">Certificeret af OPPO Labs</string>
<string name="certificate_ttl_tab">Certificeret af CTTL</string>
<string name="certificate_tuv_lab">Certificeret af TÜV SÜD</string>
<string name="certificate_year_fluent_system">Årets mest velfungerende telefon</string>
<string name="certificate_ludashi_2022_test">Kåret af Ludashi i 2022</string>
<string name="technique_memory_gen_title">RAM-vitalisering</string>
<string name="technique_memory_gen_content">Den eksklusive, internt udviklede hukommelsesaccelerationsteknologi leverer hurtigere opstart af apps og skift mellem apps for en bedre overordnet ydeevne.</string>
<string name="technique_file_title">ROM-vitalisering</string>
<string name="technique_file_content">Brancheførende I/O-teknologi leverer en omfattende forbedring af effektiviteten for læse- og skriveoperationer for at reducere ældningen af din enhed, hvilket sikerer en problemfri brugeroplevelse selv efter mange års brug.</string>
<string name="technique_computing_title">CPU-vitalisering</string>
<string name="technique_computing_content">Førende strømplanlægning til at balancere ydeevne og strømforbrug. Krævende opgaver fungerer problemfrit uden at dræne batteriet.</string>