<string name="certificate_36_ant_aging">Оптимальна швидкодія протягом 36 місяців</string>
<string name="certificate_48_ant_aging">Оптимальна швидкодія протягом 48 місяців</string>
<string name="certificate_tuv_48_fluent_system">Клас А &quot;Плавна робота&quot; протягом 48 місяців</string>
<string name="certificate_oppo_lab">Сертифікат OPPO Labs</string>
<string name="certificate_ttl_tab">Сертифікат CTTL</string>
<string name="certificate_tuv_lab">Сертифікат TÜV SÜD</string>
<string name="certificate_year_fluent_system">Телефон року в категорії &quot;Плавна робота&quot;</string>
<string name="certificate_ludashi_2022_test">Відзнаку отримано від системи Ludashi у 2022 році</string>
<string name="technique_memory_gen_title">Активізація оперативної пам&apos;яті</string>
<string name="technique_memory_gen_content">Ексклюзивна технологія власної розробки для прискорення роботи з пам&apos;яттю забезпечує більш швидкий запуск програм та перемикання між ними для підвищення загальної швидкодії.</string>
<string name="technique_file_title">Активізація постійної пам&apos;яті</string>
<string name="technique_file_content">Найкраща в галузі технологія вводу-виводу всебічно підвищує ефективність операцій читання і запису, значно зменшуючи наслідки старіння пристрою, і забезпечує його безперебійну роботу навіть після багатьох років використання.</string>
<string name="technique_computing_title">Активізація ЦП</string>
<string name="technique_computing_content">Випереджальне планування обчислювальної потужності для балансування швидкодії й енергоспоживання. Завдання, які потребують великої обчислювальної потужності, виконуються без перебоїв і не розряджають акумулятор.</string>