﻿<string name="certificate_36_ant_aging">Rendemento óptimo de 36 meses</string>
<string name="certificate_48_ant_aging">Rendemento óptimo de 48 meses</string>
<string name="certificate_tuv_48_fluent_system">Clasificación A de fluidez de 48 meses</string>
<string name="certificate_oppo_lab">Certificado por laboratorios de OPPO</string>
<string name="certificate_ttl_tab">Certificado por CTTL</string>
<string name="certificate_tuv_lab">Certificado por TÜV SÜD</string>
<string name="certificate_year_fluent_system">Teléfono con menos incidencias do ano</string>
<string name="certificate_ludashi_2022_test">Concedido por Ludashi en 2022</string>
<string name="technique_memory_gen_title">Vitalización da RAM</string>
<string name="technique_memory_gen_content">Tecnoloxía de aceleración de memoria exclusiva, desenvolvida internamente, que permite que o inicio das aplicacións e o cambio dunha a outra sexan máis rápidos para conseguir un mellor rendemento xeral.</string>
<string name="technique_file_title">Vitalización da ROM</string>
<string name="technique_file_content">A tecnoloxía I/O, líder no sector, mellora de forma integral a eficiencia das operacións de lectura e escritura para reducir significativamente os efectos do envellecemento no teu dispositivo, polo que asegura unha experiencia de usuario fluída incluso despois de usalo durante anos.</string>
<string name="technique_computing_title">Vitalización da CPU</string>
<string name="technique_computing_content">Planificación da potencia informática principal para equilibrar rendemento e consumo de enerxía. As tarefas máis computerizadas execútanse mellor sen esgotar toda a batería.</string>