<string name="certificate_36_ant_aging">36 mėn. optimalus našumas</string>
<string name="certificate_48_ant_aging">48 mėn. optimalus našumas</string>
<string name="certificate_tuv_48_fluent_system">48 mėn. A sklandumo rodiklis</string>
<string name="certificate_oppo_lab">Sertifikuota „OPPO Labs“</string>
<string name="certificate_ttl_tab">Sertifikuota CTTL</string>
<string name="certificate_tuv_lab">Sertifikuota TÜV SÜD</string>
<string name="certificate_year_fluent_system">Metų sklandžiai veikiantis telefonas</string>
<string name="certificate_ludashi_2022_test">2022 m. „Ludashi“ apdovanojimas</string>
<string name="technique_memory_gen_title">RAM spartinimas</string>
<string name="technique_memory_gen_content">Įmonėje sukurta išskirtinė atminties spartinimo technologija leidžia greičiau paleisti ir perjungti programas, užtikrinant didesnį bendrą našumą.</string>
<string name="technique_file_title">ROM spartinimas</string>
<string name="technique_file_content">Pirmaujanti pramonės šakos įvesties ir išvesties technologija labai padidina skaitymo ir rašymo operacijų efektyvumą ir pastebimai sumažina senėjimo poveikį jūsų įrenginiui, užtikrindama sklandų naudotojo darbą net ir po daugelio naudojimo metų.</string>
<string name="technique_computing_title">CPU spartinimas</string>
<string name="technique_computing_content">Pažangus galios planavimas, skirtas derinti našumą ir energijos naudojimą. Daug galios reikalaujančios užduotys sklandžiai atliekamos nenaudojant daug akumuliatoriaus energijos.</string>