<string name="certificate_36_ant_aging">36 മാസത്തെ മികച്ച പ്രകടനം</string>
<string name="certificate_48_ant_aging">48 മാസത്തെ മികച്ച പ്രകടനം</string>
<string name="certificate_tuv_48_fluent_system">48 മാസത്തെ ഫ്ലൂവൻസി റേറ്റിംഗ് A</string>
<string name="certificate_oppo_lab">OPPO ലാബ്സ് സാക്ഷ്യപ്പെടുത്തിയത്</string>
<string name="certificate_ttl_tab">CTTL സാക്ഷ്യപ്പെടുത്തിയത്</string>
<string name="certificate_tuv_lab">TÜV SÜD സാക്ഷ്യപ്പെടുത്തിയത്</string>
<string name="certificate_year_fluent_system">ഈ വർഷത്തെ സുഗമമായി പ്രവർത്തിക്കുന്ന ഫോൺ</string>
<string name="certificate_ludashi_2022_test">2022-ൽ Ludashi സമ്മാനിച്ചു</string>
<string name="technique_memory_gen_title">RAM വൈറ്റലൈസേഷൻ</string>
<string name="technique_memory_gen_content">മെച്ചപ്പെട്ട മൊത്തത്തിലുള്ള പ്രകടനത്തിനായി, ഇൻ-ഹൗസായി വികസിപ്പിച്ചെടുത്ത എക്‌സ്‌ക്ലൂസീവ് മെമ്മറി ആക്‌സിലറേഷൻ സാങ്കേതികവിദ്യ, വേഗത്തിലുള്ള ആപ്പ് സമാരംഭിക്കലും ആപ്പ് മാറ്റലും നൽകുന്നു.</string>
<string name="technique_file_title">ROM വൈറ്റലൈസേഷൻ</string>
<string name="technique_file_content">നിങ്ങളുടെ ഉപകരണത്തിൽ ദീർഘകാലമായുള്ള ഉപയോഗത്തിന്റെ പ്രത്യാഘാതങ്ങൾ ഗണ്യമായി കുറയ്ക്കുന്നതിന് റീഡ്, റൈറ്റ് പ്രവർത്തനങ്ങളുടെ കാര്യക്ഷമത വ്യവസായത്തിലെ മുൻനിര I/O സാങ്കേതികവിദ്യ സമഗ്രമായി മെച്ചപ്പെടുത്തുന്നു, അങ്ങനെ വർഷങ്ങളുടെ ഉപയോഗത്തിന് ശേഷവും സുഗമമായ ഉപയോക്തൃ അനുഭവം ഉറപ്പാക്കുന്നു.</string>
<string name="technique_computing_title">CPU വൈറ്റലൈസേഷൻ</string>
<string name="technique_computing_content">പ്രകടനവും വൈദ്യുതി ഉപഭോഗവും സന്തുലിതമാക്കുന്നതിനുള്ള മുൻനിര കമ്പ്യൂട്ട് പവർ ഷെഡ്യൂളിംഗ്. കമ്പ്യൂട്ട്-ഇന്റൻസീവ് ജോലികൾ ബാറ്ററി കളയാതെ സുഗമമായി പ്രവർത്തിക്കുന്നു.</string>