<string name="certificate_36_ant_aging">Optimalne performanse u periodu od 36 meseci</string>
<string name="certificate_48_ant_aging">Optimalne performanse u periodu od 48 meseci</string>
<string name="certificate_tuv_48_fluent_system">Ocena A za protok u periodu od 48 meseci</string>
<string name="certificate_oppo_lab">Sertifikat OPPO laboratorija</string>
<string name="certificate_ttl_tab">Sertifikat kompanije CTTL</string>
<string name="certificate_tuv_lab">Sertifikat kompanije TÜV SÜD</string>
<string name="certificate_year_fluent_system">Telefon godine po kvalitetu rada</string>
<string name="certificate_ludashi_2022_test">Nagrada kompanije Ludashi za 2022.</string>
<string name="technique_memory_gen_title">Vitalizacija RAM-a</string>
<string name="technique_memory_gen_content">Ekskluzivna tehnologija ubrzanja memorije, razvijena interno, omogućava brže pokretanje aplikacija i brži prelazak iz jedne aplikacije u drugu, što pruža bolje ukupne performanse.</string>
<string name="technique_file_title">Vitalizacija ROM-a</string>
<string name="technique_file_content">Vodeća U/I tehnologija u industriji sveobuhvatno poboljšava efikasnost operacija čitanja i pisanja kako bi znatno smanjila efekte starenja na uređaju, što vam pruža odlično korisničko iskustvo, čak i nakon više godina korišćenja.</string>
<string name="technique_computing_title">Vitalizacija CPU-a</string>
<string name="technique_computing_content">Vodeće planiranje računarske snage koje balansira performanse i potrošnju energije. Zahtevni zadaci se izvršavaju lako, bez prekomernog trošenja baterije.</string>