<string name="certificate_36_ant_aging">Desempenho ideal por 36 meses</string>
<string name="certificate_48_ant_aging">Desempenho ideal por 48 meses</string>
<string name="certificate_tuv_48_fluent_system">Classificação A de fluência por 48 meses</string>
<string name="certificate_oppo_lab">Certificado pelos Laboratórios OPPO</string>
<string name="certificate_ttl_tab">Certificado pela CTTL</string>
<string name="certificate_tuv_lab">Certificado pela TÜV SÜD</string>
<string name="certificate_year_fluent_system">Telefone do ano com funcionamento suave</string>
<string name="certificate_ludashi_2022_test">Concedido pelo Ludashi em 2022</string>
<string name="technique_memory_gen_title">Vitalização da RAM</string>
<string name="technique_memory_gen_content">A tecnologia exclusiva de aceleração de memória, desenvolvida internamente, oferece inicialização e alternância de aplicativos mais rápidas, melhorando o desempenho geral.</string>
<string name="technique_file_title">Vitalização da ROM</string>
<string name="technique_file_content">A tecnologia de E/S líder da indústria melhora, de forma abrangente, a eficiência de operações de leitura e gravação para reduzir significativamente os efeitos de envelhecimento do dispositivo, garantindo uma experiência suave para o usuário, mesmo após anos de uso.</string>
<string name="technique_computing_title">Vitalização da CPU</string>
<string name="technique_computing_content">Programação líder da capacidade de computação para equilibrar desempenho e consumo de energia. Tarefas de computação intensiva são executadas sem problemas, sem esgotar a bateria.</string>