<string name="certificate_36_ant_aging">Performanță optimă 36 de luni</string>
<string name="certificate_48_ant_aging">Performanță optimă 48 de luni</string>
<string name="certificate_tuv_48_fluent_system">Evaluare fluență A 48 de luni</string>
<string name="certificate_oppo_lab">Certificat de OPPO Labs</string>
<string name="certificate_ttl_tab">Certificat de CTTL</string>
<string name="certificate_tuv_lab">Certificat de TÜV SÜD</string>
<string name="certificate_year_fluent_system">Telefonul anului, funcționare fluidă</string>
<string name="certificate_ludashi_2022_test">Decernat de Ludashi în 2022</string>
<string name="technique_memory_gen_title">Impulsionare RAM</string>
<string name="technique_memory_gen_content">Tehnologie exclusivă de accelerare a memoriei, dezvoltată intern, asigură lansarea și comutarea mai rapidă a aplicațiilor, pentru o performanță generală îmbunătățită.</string>
<string name="technique_file_title">Impulsionare ROM</string>
<string name="technique_file_content">Tehnologia de intrare/ieșire de vârf în domeniu îmbunătățește eficiența operațiilor de citire și scriere pentru a reduce semnificativ efectele îmbătrânirii asupra dispozitivului dvs., asigurând o experiență fluidă pentru utilizator chiar și după ani de utilizare.</string>
<string name="technique_computing_title">Impulsionare CPU</string>
<string name="technique_computing_content">Planificare de top a puterii de calcul, pentru a echilibra performanța și consumul de energie. Activitățile ce utilizează intensiv puterea de calcul rulează uniform, fără să consume excesiv energia bateriei.</string>