<string name="certificate_36_ant_aging">Desempenho ideal durante 36 meses</string>
<string name="certificate_48_ant_aging">Desempenho ideal durante 48 meses</string>
<string name="certificate_tuv_48_fluent_system">Classificação A para fluidez num período de 48 meses</string>
<string name="certificate_oppo_lab">Certificado pelos OPPO Labs</string>
<string name="certificate_ttl_tab">Certificado pela CTTL</string>
<string name="certificate_tuv_lab">Certificado pela TÜV SÜD</string>
<string name="certificate_year_fluent_system">Telefone com funcionamento fluído do ano</string>
<string name="certificate_ludashi_2022_test">Atribuído pela Ludashi em 2022</string>
<string name="technique_memory_gen_title">Vitalização da RAM</string>
<string name="technique_memory_gen_content">A tecnologia exclusiva de aceleração de memória, desenvolvida internamente, permite abrir e alternar entre aplicações mais rapidamente, para um melhor desempenho global.</string>
<string name="technique_file_title">Vitalização da ROM</string>
<string name="technique_file_content">A tecnologia I/O líder na indústria melhora substancialmente a eficiência das operações de leitura e escrita para reduzir significativamente os efeitos do envelhecimento no seu aparelho, assegurando uma experiência de utilização suave mesmo após anos de utilização.</string>
<string name="technique_computing_title">Vitalização da CPU</string>
<string name="technique_computing_content">Agendamento líder da potência de computação para equilibrar o desempenho e o consumo de energia. Tarefas de computação intensiva funcionam de forma fluida sem esgotar a bateria.</string>