<string name="certificate_36_ant_aging">ປະ​ສິດ​ທິ​ພາບ​ສູງ​ສຸດ 36 ເດືອນ</string>
<string name="certificate_48_ant_aging">ປະ​ສິດ​ທິ​ພາບ​ສູງ​ສຸດ 48 ເດືອນ</string>
<string name="certificate_tuv_48_fluent_system">ການ​ໃຫ້​ຄະ​ແນນ​ A ໃນຄວາມ​ຄ່ອງ​ແຄ້ວ 48 ເດືອນ</string>
<string name="certificate_oppo_lab">ໄດ້​ຮັບ​ການຢັ້ງ​ຢືນ​ຈາກ​ຫ້ອງ​ທົດ​ລອງ OPPO</string>
<string name="certificate_ttl_tab">ໄດ້​ຮັບ​ການຢັ້ງ​ຢືນ​ຈາກ CTTL</string>
<string name="certificate_tuv_lab">ໄດ້​ຮັບ​ການຢັ້ງ​ຢືນ​ຈາກ TÜV SÜD</string>
<string name="certificate_year_fluent_system">ໂທ​ລະ​ສັບ​ທີ່​ໃຊ້​ງານ​​ຄ່ອງ​ແຄ້ວ​ແຫ່​ງ​ປີ</string>
<string name="certificate_ludashi_2022_test">ໄດ້​ຮັບ​ລາງວັນ​ຈາກ Ludashi ໃນ​ປີ 2022</string>
<string name="technique_memory_gen_title">ການ​ເພີ່ມ​ພະ​ລັງ RAM</string>
<string name="technique_memory_gen_content">ເຕັກ​ໂນ​ໂລ​ຊີ​ການ​ເລັ່ງ​ຄວາມ​ໄວໜ່ວຍຄວາມຈໍາ​ແບບ​ພິ​ເສດ​ສະ​ເພາະ, ທີ່​ພັດ​ທະ​ນາ​ຂຶ້ນ​ໃນ​ອົງ​ກອນ, ໃຫ້​ການ​ເປີດ​ໃຊ້​ແອັບ ແລະ ການ​ສັບ​ປ່ຽນ​ແອັບ​ທີ່​ໄວ​ຂຶ້ນ, ເພື່ອ​ປະ​ສິດ​ທິ​ພາບ​ໂດຍ​ລວມ​ທີ່​ດີ​ຂຶ້ນ.</string>
<string name="technique_file_title">ການ​ເພີ່ມ​ພະ​ລັງ ROM</string>
<string name="technique_file_content">ເຕັກ​ໂນ​ໂລ​ຊີ I/O ຊັ້ນ​ນຳ​ຂອງ​ອຸດ​ສະ​ຫະ​ກຳ​ປັບ​ປຸງ​ປະ​ສິດ​ທິ​ພາບ​ຂອງ​​ການ​ດຳ​ເນີນການ​ອ່ານ ແລະ ​ຂຽນ​ຢ່າງ​ຄົບ​ຖ້ວນ ເພື່ອຫຼຸດ​ຜົນ​ກະ​ທົບຈາກ​ການ​ເຊື່ອມ​ສະ​ພາບ​ຂອງ​ອຸ​ປະ​ກອນ​ຂອງ​ທ່ານ​ໄດ້​ຫຼາຍ, ເຊິ່ງ​ຮັບ​ປະ​ກັນ​ປະ​ສົບ​ການ​ຜູ້​ໃຊ້​ທີ່​ຄ່ອງ​ຕົວ ເຖິງ​ແມ່ນ​ວ່າຫຼັງ​ຈາກ​ການ​ໃຊ້​ງານຫຼາຍ​ປີກໍ​ຕາມ.</string>
<string name="technique_computing_title">ການ​ເພີ່ມ​ພະ​ລັງ CPU</string>
<string name="technique_computing_content">ການ​ກຳ​ນົດ​ພະ​ລັງ​ງານການ​ປະ​ມວນ​ຜົນດ້ວຍ​ຄອມ​ພິວ​ເຕີ​ຊັ້ນ​ນຳ ເພື່ອ​ປັບສົມ​ດຸນ​ລະ​ຫວ່າງ​ປະ​ສິ​ດ​ທິ​ພາບ ແລະ ການ​ໃຊ້​ພະ​ລັງ​ງານ. ໜ້າ​ວຽກ​ທີ່​ໃຊ້​​ການ​ປະ​ມວນ​ຜົນ​ດ້ວຍຄອມ​ພິວ​ເຕີຫຼາຍ ໃຊ້​ງານ​ໄດ້​ຢ່າງ​ຄ່ອງ​ແຄ້ວ ໂດຍ​ບໍ່​ເປືອງ​ແບັດ​ເຕີ​ຣີ.</string>