﻿<string name="certificate_36_ant_aging">৩৬ মাসের অপটিমাল পারফর্ম্যান্স</string>
<string name="certificate_48_ant_aging">৪৮ মাসের অপটিমাল পারফর্ম্যান্স</string>
<string name="certificate_tuv_48_fluent_system">৪৮ মাসের ফ্লুয়েন্সি রেটিং A</string>
<string name="certificate_oppo_lab">OPPO Labs এর তরফ থেকে সার্টিফাই করা</string>
<string name="certificate_ttl_tab">CTTL এর তরফ থেকে সার্টিফাই করা</string>
<string name="certificate_tuv_lab">TÜV SÜD এর তরফ থেকে সার্টিফাই করা</string>
<string name="certificate_year_fluent_system">বছরের সেরা স্মুথ রানিং ফোন</string>
<string name="certificate_ludashi_2022_test">২০২২ এ Ludashi এর তরফ থেকে পুরস্কার পেয়েছে</string>
<string name="technique_memory_gen_title">RAM ভাইটালাইজেশন</string>
<string name="technique_memory_gen_content">ইন-হাউস বানানো বিশেষ মেমরি অ্যাক্সিলেরেশন প্রযুক্তি, দ্রুত অ্যাপ লঞ্চ এবং অ্যাপ স্যুইচিং সম্ভব করে তুলেছে, সাথে সবমিলিয়ে পারফর্ম্যান্স উন্নত করেছে।</string>
<string name="technique_file_title">ROM ভাইটালাইজেশন</string>
<string name="technique_file_content">ইন্ডাস্ট্রির অগ্রণী I/O প্রযুক্তি, পড়ার ও লেখার দক্ষতাকে সবমিলিয়ে উন্নত করে যা আপনার ডিভাইসের আয়ু বাড়ায়, বহু বছর ধরে ব্যবহারের পরেও ব্যবহারকারীকে উন্নত অভিজ্ঞতা দেয়।</string>
<string name="technique_computing_title">CPU ভাইটালাইজেশন</string>
<string name="technique_computing_content">পারফর্ম্যান্স এবং ব্যাটারি খরচের মধ্যে ভারসাস্য রাখতে অগ্রণী কম্পিউট পাওয়ার শিডিউলিং। কম্পিউট-ইনটেনসিভ টাস্ক, ব্যাটারি বেশি খরচ না করেই স্মুথভাবে রান করে।</string>