<string name="certificate_36_ant_aging">36 মাহৰ অনুকূল প্ৰদৰ্শন</string>
<string name="certificate_48_ant_aging">48 মাহৰ অনুকূল প্ৰদৰ্শন</string>
<string name="certificate_tuv_48_fluent_system">48 মাহৰ সাৱলীলতাৰ ৰেটিং A</string>
<string name="certificate_oppo_lab">OPPO Labsৰ দ্বাৰা প্ৰমাণিত</string>
<string name="certificate_ttl_tab">CTTL-ৰ দ্বাৰা প্ৰমাণিত</string>
<string name="certificate_tuv_lab">TÜV SÜD-ৰ দ্বাৰা প্ৰমাণিত</string>
<string name="certificate_year_fluent_system">বছৰটোৰ আটাইতকৈ মসৃণভাৱে চলা ফোন</string>
<string name="certificate_ludashi_2022_test">2022 চনত লুডাছিৰ দ্বাৰা বঁটাপ্ৰাপ্ত</string>
<string name="technique_memory_gen_title">RAM ভিটালাইজেচন</string>
<string name="technique_memory_gen_content">উন্নত সামগ্ৰিক প্ৰদৰ্শনৰ বাবে এক্সক্লুছিভ মেম’ৰী ত্বৰণ প্ৰযুক্তি, উন্নত ইন-হাউচ, দ্ৰুত এপ্প্‌ লঞ্চ আৰু এপ্প্‌ চুইচিং প্ৰদান কৰে।</string>
<string name="technique_file_title">ROM ভিটালাইজেচন</string>
<string name="technique_file_content">উদ্যোগৰ শীৰ্ষস্থানৰ I/O প্ৰযুক্তিয়ে আপোনাৰ ডিভাইচত বয়স বৃদ্ধিৰ প্ৰভাৱ যথেষ্ট হ্ৰাস কৰিবলৈ পঢ়া আৰু লিখাৰ কাৰ্যকলাপৰ দক্ষতা ব্যাপকভাৱে উন্নত কৰি, বহু বছৰ ব্যৱহাৰ কৰাৰ পিছতো এক মসৃণ ব্যৱহাৰকাৰীৰ অভিজ্ঞতা নিশ্চিত কৰে।</string>
<string name="technique_computing_title">CPU ভিটালাইজেচন</string>
<string name="technique_computing_content">পাৰদৰ্শিতা আৰু শক্তি খৰচৰ ভাৰসাম্য ৰক্ষা কৰিবলৈ অগ্ৰণী কম্পিউট পাৱাৰ সময়সূচীকৰণ। কম্পিউট-ইণ্টেনছিভ কামসমূহ বেটাৰী শেষ নকৰাকৈ মসৃণভাৱে চলি থাকে।</string>