<string name="certificate_36_ant_aging">36 個月抗老化</string>
<string name="certificate_48_ant_aging">48 個月抗老化</string>
<string name="certificate_tuv_48_fluent_system">48 個月 A 級流暢性</string>
<string name="certificate_oppo_lab">OPPO 實驗室認證</string>
<string name="certificate_ttl_tab">泰爾實驗室認證</string>
<string name="certificate_tuv_lab">TÜV 南德意志集團認證</string>
<string name="certificate_year_fluent_system">年度流暢手機系統</string>
<string name="certificate_ludashi_2022_test">魯大師 2022 年度評測</string>
<string name="technique_memory_gen_title">記憶體基因重組</string>
<string name="technique_memory_gen_content">獨家自行研發的記憶體性能加速技術，有效提升啟動和切換應用程式的速度，使手機運作更流暢</string>
<string name="technique_file_title">煥新儲存技術</string>
<string name="technique_file_content">行業領先的 IO 重組技術，全面提升檔案讀寫效率，抗老化效果顯著，實現耐久如新的流暢體驗</string>
<string name="technique_computing_title">微架構超級運算引擎</string>
<string name="technique_computing_content">行業領先的算力調度技術，有效解決性能與功耗平衡，做到重載場景流暢時續航表現更佳</string>