<string name="certificate_36_ant_aging">36 aylık optimum performans</string>
<string name="certificate_48_ant_aging">48 aylık optimum performans</string>
<string name="certificate_tuv_48_fluent_system">48 aylık akıcılık derecesi A</string>
<string name="certificate_oppo_lab">OPPO Labs tarafından onaylanmıştır</string>
<string name="certificate_ttl_tab">CTTL tarafından onaylanmıştır</string>
<string name="certificate_tuv_lab">TÜV SÜD tarafından onaylanmıştır</string>
<string name="certificate_year_fluent_system">Yılın sorunsuz çalışan telefonu</string>
<string name="certificate_ludashi_2022_test">2022 Ludashi ödüllü</string>
<string name="technique_memory_gen_title">RAM Canlandırma</string>
<string name="technique_memory_gen_content">Şirket bünyesinde geliştirilen özel bellek hızlandırma teknolojisi, daha iyi genel performans için daha hızlı uygulama başlatma ve uygulama geçişi sağlar.</string>
<string name="technique_file_title">ROM Canlandırma</string>
<string name="technique_file_content">Sektör lideri G/Ç teknolojisi, cihazınızdaki eskime etkilerini önemli ölçüde azaltmak için okuma ve yazma işlemlerinin verimliliğini kapsamlı bir şekilde geliştirerek yıllarca kullanımdan sonra bile sorunsuz bir kullanıcı deneyimi sağlar.</string>
<string name="technique_computing_title">CPU Canlandırma</string>
<string name="technique_computing_content">Lider işlemci gücü planlaması, performansı ve güç tüketimini dengeler. Yoğun işlemci gerektiren görevler, pili bitirmeden sorunsuz çalışır.</string>