﻿<string name="certificate_36_ant_aging">36 నెలల ఆప్టిమల్ పనితీరు</string>
<string name="certificate_48_ant_aging">48 నెలల ఆప్టిమల్ పనితీరు</string>
<string name="certificate_tuv_48_fluent_system">48 నెలల ఫ్లూయెన్సీ రేటింగ్ A</string>
<string name="certificate_oppo_lab">OPPO Labs నుండి సర్టిఫికేట్ పొందింది</string>
<string name="certificate_ttl_tab">CTTL నుండి సర్టిఫికేట్ పొందింది</string>
<string name="certificate_tuv_lab">TÜV SÜD నుండి సర్టిఫికేట్ పొందింది</string>
<string name="certificate_year_fluent_system">ఈ సంవత్సరంలో మంచి జనాదరణ పొందిన ఫోన్</string>
<string name="certificate_ludashi_2022_test">2022లో Ludashi నుండి అవార్డ్ పొందింది</string>
<string name="technique_memory_gen_title">RAM వైటలేజేషన్‌</string>
<string name="technique_memory_gen_content">ప్రత్యేక మెమరీ యాక్సిలరేషన్ టెక్నాలజీ, అంతర్గతంగా అభివృద్ధి చేయబడింది, ఉత్తమ సంపూర్ణ పనితీరు కోసం త్వరిత యాప్ లాంచ్ మరియు యాప్ మార్పును అందిస్తుంది.</string>
<string name="technique_file_title">ROM వైటలేజేషన్‌</string>
<string name="technique_file_content">పరిశ్రమలో ప్రముఖ I/O టెక్నాలజీ అనేది మీ పరికరం యొక్క దీర్ఘకాల వినియోగ ప్రభావాన్ని గణనీయంగా తగ్గించడానికి, సంవత్సరాలపాటు ఉపయోగించిన తర్వాత కూడా సరళమైన వినియోగదారు అనుభవాన్ని నిర్ధారించడానికి చదివే మరియు వ్రాసే ఆపరేషన్‌ల సామర్థ్యాన్ని సమగ్రంగా మెరుగుపరుస్తుంది.</string>
<string name="technique_computing_title">CPU వైటలేజేషన్‌</string>
<string name="technique_computing_content">పనితీరు మరియు పవర్ వినియోగాన్ని బ్యాలెన్స్ చేయడానికి ప్రముఖ కంప్యూట్ పవర్ షెడ్యూలింగ్. క్లిష్టమైన టాస్క్‌లు బ్యాటరీపై భారం చూపకుండానే సులభంగా అమలు చేయబడతాయి.</string>