﻿<string name="certificate_36_ant_aging">36-месечно оптимално представяне</string>
<string name="certificate_48_ant_aging">48-месечно оптимално представяне</string>
<string name="certificate_tuv_48_fluent_system">48-месечен рейтинг А за плавност на дисплея</string>
<string name="certificate_oppo_lab">Сертифициран от OPPO Labs</string>
<string name="certificate_ttl_tab">Сертифициран от CTTL</string>
<string name="certificate_tuv_lab">Сертифициран от TÜV SÜD</string>
<string name="certificate_year_fluent_system">Безпроблемно работещ телефон на годината</string>
<string name="certificate_ludashi_2022_test">С награда от Ludashi през 2022 г</string>
<string name="technique_memory_gen_title">Подобрена RAM</string>
<string name="technique_memory_gen_content">Ексклузивна технология за ускоряване на паметта, разработена вътрешно, осигурява по-бързо стартиране на приложения и превключване на приложения за по-добра цялостна производителност.</string>
<string name="technique_file_title">Подобрена ROM</string>
<string name="technique_file_content">Водещата в индустрията I/O технология цялостно подобрява ефективността на операциите за четене и запис, за да намали значително ефекта от стареенето на вашето устройство, като гарантира гладко потребителско преживяване дори след години на употреба.</string>
<string name="technique_computing_title">Подобрен CPU</string>
<string name="technique_computing_content">Водещо планиране на изчислителната мощност за балансиране на производителността и консумацията на енергия. Интензивните изчислителни задачи се изпълняват гладко, без да изтощават батерията.</string>