<string name="certificate_36_ant_aging">36-महीनों का अधिकतम प्रदर्शन</string>
<string name="certificate_48_ant_aging">48-महीनों का अधिकतम प्रदर्शन</string>
<string name="certificate_tuv_48_fluent_system">48-महीनों की प्रवाह रेटिंग A</string>
<string name="certificate_oppo_lab">OPPO Labs से प्रमाणित</string>
<string name="certificate_ttl_tab">CTTL से प्रमाणित</string>
<string name="certificate_tuv_lab">TÜV SÜD से प्रमाणित</string>
<string name="certificate_year_fluent_system">साल का बिना रुकावट काम करने वाला फोन</string>
<string name="certificate_ludashi_2022_test">2022 में Ludashi से सम्मानित किया गया</string>
<string name="technique_memory_gen_title">RAM जीवंतता</string>
<string name="technique_memory_gen_content">बेहतर समग्र प्रदर्शन के लिए इन-हाउस विकसित विशेष मेमोरी एक्सेलरेशन तकनीक, तेज ऐप लॉन्च और ऐप स्विचिंग देती है।</string>
<string name="technique_file_title">ROM जीवंतता</string>
<string name="technique_file_content">उद्योग की महत्वपूर्ण I/O तकनीक आपके डिवाइस पर उम्र बढ़ने के प्रभाव को काफी कम करने के लिए पढ़ने और लिखने के संचालन की दक्षता में व्यापक रूप से सुधार करती है, उपयोग के वर्षों के बाद भी सहज उपयोगकर्ता अनुभव सुनिश्चित करती है।</string>
<string name="technique_computing_title">CPU जीवंतता</string>
<string name="technique_computing_content">प्रदर्शन और बिजली की खपत को संतुलित करने के लिए अग्रणी गणना पावर शिड्यूलिंग। गणना के गहन कार्य बिना बैटरी खर्च किए आसानी से होते हैं।</string>