<string name="certificate_36_ant_aging">36ヶ月最適なパフォーマンスを確保</string>
<string name="certificate_48_ant_aging">48ヶ月最適なパフォーマンスを確保</string>
<string name="certificate_tuv_48_fluent_system">48 ヶ月間使いやすさ評価 A</string>
<string name="certificate_oppo_lab">OPPOのラボにより認証</string>
<string name="certificate_ttl_tab">CTTLにより認証</string>
<string name="certificate_tuv_lab">TÜV SÜDにより認証</string>
<string name="certificate_year_fluent_system">スムーズランニングフォン・オブ・ザ・イヤー</string>
<string name="certificate_ludashi_2022_test">2022年 Ludashi よりアワード受賞</string>
<string name="technique_memory_gen_title">RAM活性化</string>
<string name="technique_memory_gen_content">自社開発された独自のメモリーアクセラレーションテクノロジーによって、アプリの起動およびアプリの切り替えが高速になり、全体的なパフォーマンスが向上します。</string>
<string name="technique_file_title">ROM活性化</string>
<string name="technique_file_content">業界をリードする I/O テクノロジーが読み取りおよび書き込み操作の効率を包括的に改善することによって、デバイスの経年劣化の影響を大幅に軽減し、長年使用した後でもスムーズなユーザーエクスペリエンスを保証します。</string>
<string name="technique_computing_title">CPU活性化</string>
<string name="technique_computing_content">優れたコンピューティングパワースケジューリングにより、パフォーマンスと電力消費を調整します。計算処理の多いタスクもバッテリーを消耗せずに円滑に実行します。</string>