<string name="certificate_36_ant_aging">36-month optimal performance</string>
<string name="certificate_48_ant_aging">48-month optimal performance</string>
<string name="certificate_tuv_48_fluent_system">48-month fluency rating A</string>
<string name="certificate_oppo_lab">Certified by OPPO Labs</string>
<string name="certificate_ttl_tab">Certified by CTTL</string>
<string name="certificate_tuv_lab">Certified by TÜV SÜD</string>
<string name="certificate_year_fluent_system">Smooth-running phone of the year</string>
<string name="certificate_ludashi_2022_test">Awarded by Ludashi in 2022</string>
<string name="technique_memory_gen_title">RAM Vitalisation</string>
<string name="technique_memory_gen_content">Exclusive memory acceleration technology, developed in-house, delivers quicker app launch and app switching for better overall performance.</string>
<string name="technique_file_title">ROM Vitalisation</string>
<string name="technique_file_content">Industry-leading I/O technology comprehensively improves the efficiency of read and write operations to significantly reduce the effects of ageing on your device, ensuring a smooth user experience even after years of use.</string>
<string name="technique_computing_title">CPU Vitalisation</string>
<string name="technique_computing_content">Leading compute power scheduling to balance performance and power consumption. Compute-intensive tasks run smoothly without draining the battery.</string>