<string name="certificate_36_ant_aging">Hiệu năng tối ưu trong 36 tháng</string>
<string name="certificate_48_ant_aging">Hiệu năng tối ưu trong 48 tháng</string>
<string name="certificate_tuv_48_fluent_system">Vận hành trơn tru hạng A trong 48 tháng</string>
<string name="certificate_oppo_lab">Do các Phòng thí nghiệm OPPO chứng nhận</string>
<string name="certificate_ttl_tab">Do CTTL chứng nhận</string>
<string name="certificate_tuv_lab">Do TÜV SÜD chứng nhận</string>
<string name="certificate_year_fluent_system">Điện thoại chạy mượt của năm</string>
<string name="certificate_ludashi_2022_test">Nhận giải thưởng của Ludashi năm 2022</string>
<string name="technique_memory_gen_title">Tăng sức mạnh cho RAM</string>
<string name="technique_memory_gen_content">Công nghệ tăng tốc bộ nhớ độc quyền, được phát triển nội bộ, giúp khởi chạy ứng dụng cũng như chuyển đổi ứng dụng nhanh hơn và nâng cao hiệu năng tổng thể.</string>
<string name="technique_file_title">Tăng sức mạnh cho ROM</string>
<string name="technique_file_content">Công nghệ đầu ra/đầu vào tiên phong trong ngành cải thiện toàn diện hiệu quả của hoạt động đọc và ghi để giảm đáng kể tác động của quá trình lão hóa trên thiết bị của bạn, đảm bảo trải nghiệm người dùng mượt mà ngay cả sau nhiều năm sử dụng.</string>
<string name="technique_computing_title">Tăng sức mạnh cho CPU</string>
<string name="technique_computing_content">Khả năng lên lịch hàng đầu cho năng lượng điện toán giúp cân bằng hiệu năng và mức tiêu thụ pin. Các tác vụ điện toán chuyên sâu chạy mượt mà mà không tốn nhiều pin.</string>
