<string name="certificate_36_ant_aging">ប្រតិបត្តិការល្អបំផុតរយៈពេល 36 ខែ</string>
<string name="certificate_48_ant_aging">ប្រតិបត្តិការល្អបំផុតរយៈពេល 48 ខែ</string>
<string name="certificate_tuv_48_fluent_system">ការវាយតម្លៃកម្រិត A លើភាពរលូនរយៈពេល 48 ខែ</string>
<string name="certificate_oppo_lab">ទទួលស្គាល់ដោយមន្ទីរពិសោធន៍ OPPO</string>
<string name="certificate_ttl_tab">ទទួលស្គាល់ដោយ CTTL</string>
<string name="certificate_tuv_lab">ទទួលស្គាល់ដោយ TÜV SÜD</string>
<string name="certificate_year_fluent_system">ទូរសព្ទដែលដំណើរការរលូនប្រចាំឆ្នាំ</string>
<string name="certificate_ludashi_2022_test">ទទួលរង្វាន់ពី Ludashi ក្នុងឆ្នាំ 2022</string>
<string name="technique_memory_gen_title">ភាពសកម្មនៃ RAM</string>
<string name="technique_memory_gen_content">បច្ចេកវិទ្យាបង្កើនល្បឿនអង្គចងចាំពិសេស ដែលបានអភិវឌ្ឍសម្រាប់ការប្រើប្រាស់ក្នុងផ្ទះ ផ្ដល់ឱ្យការចាប់ផ្ដើមកម្មវិធី និងការប្ដូរកាន់តែរហ័សសម្រាប់ប្រតិបត្តិការទាំងមូលកាន់តែប្រសើរ។</string>
<string name="technique_file_title">ភាពសកម្មនៃ ROM</string>
<string name="technique_file_content">បច្ចេកវិទ្យា I/O ឈានមុខគេក្នុងវិស័យនេះ ធ្វើឱ្យប្រសើរឡើងនូវប្រសិទ្ធភាពនៃប្រតិបត្តិការអាន និងសរសេរយ៉ាងទូលំទូលាយ ដើម្បីកាត់បន្ថយផលប៉ះពាល់នៃភាពចាស់នៅលើឧបករណ៍របស់អ្នកយ៉ាងខ្លាំង ដោយធានាបាននូវបទពិសោធន៍អ្នកប្រើប្រាស់ដ៏រលូន ទោះបីជាបន្ទាប់ពីប្រើប្រាស់ជាច្រើនឆ្នាំក៏ដោយ។</string>
<string name="technique_computing_title">ភាពសកម្មនៃ CPU</string>
<string name="technique_computing_content">ការកំណត់កាលវិភាគថាមពលក្នុងការគណនាដែលឈានមុខគេ ដើម្បីធ្វើឱ្យការប្រើប្រាស់ថាមពល និងប្រតិបត្តិការមានតុល្យភាព។ កិច្ចការដែលផ្អែកលើការគណនាដំណើរការយ៉ាងរលូនដោយមិនឆាប់អស់ថ្ម។</string>
