<string name="certificate_36_ant_aging">36 个月抗老化</string>
<string name="certificate_48_ant_aging">48 个月抗老化</string>
<string name="certificate_tuv_48_fluent_system">48 个月 A 级流畅性</string>
<string name="certificate_oppo_lab">OPPO 实验室认证</string>
<string name="certificate_ttl_tab">泰尔实验室认证</string>
<string name="certificate_tuv_lab">TÜV 南德意志集团认证</string>
<string name="certificate_year_fluent_system">年度流畅手机系统</string>
<string name="certificate_ludashi_2022_test">鲁大师 2022 年度评测</string>
<string name="technique_memory_gen_title">内存基因重组</string>
<string name="technique_memory_gen_content">独家自研的内存性能加速技术，有效提升应用启动和切换速度，让手机运行更流畅</string>
<string name="technique_file_title">焕新存储技术</string>
<string name="technique_file_content">行业领先的 IO 重组技术，全面提升文件读写效率，抗老化效果显著，实现久用如新流畅体验</string>
<string name="technique_computing_title">微架构超算引擎</string>
<string name="technique_computing_content">行业领先的算力调度技术，有效解决性能与功耗平衡，做到重载场景流畅时续航表现更佳</string>