<string name="certificate_36_ant_aging">Performa optimal 36 bulan</string>
<string name="certificate_48_ant_aging">Performa optimal 48 bulan</string>
<string name="certificate_tuv_48_fluent_system">Peringkat A kelancaran 48 bulan</string>
<string name="certificate_oppo_lab">Disertifikasi oleh Lab OPPO</string>
<string name="certificate_ttl_tab">Disertifikasi oleh CTTL</string>
<string name="certificate_tuv_lab">Disertifikasi oleh TÜV SÜD</string>
<string name="certificate_year_fluent_system">Ponsel dengan pengoperasian paling lancar untuk tahun ini</string>
<string name="certificate_ludashi_2022_test">Diberikan penghargaan oleh Ludashi pada 2022</string>
<string name="technique_memory_gen_title">Vitalisasi RAM</string>
<string name="technique_memory_gen_content">Teknologi akselerasi memori eksklusif, yang dikembangkan secara internal, menghadirkan peluncuran aplikasi dan peralihan aplikasi yang lebih cepat demi mencapai peningkatan performa secara menyeluruh.</string>
<string name="technique_file_title">Vitalisasi ROM</string>
<string name="technique_file_content">Teknologi I/O terdepan di industri secara menyeluruh meningkatkan efisiensi operasi baca dan tulis untuk secara signifikan mengurangi efek penuaan pada perangkat Anda, memastikan pengalaman pengguna tanpa hambatan meskipun digunakan selama bertahun-tahun.</string>
<string name="technique_computing_title">Vitalisasi CPU</string>
<string name="technique_computing_content">Penjadwalan daya komputasi terdepan untuk menyeimbangkan performa dan konsumsi daya. Tugas komputasi yang intensif mampu berjalan dengan lancar tanpa menghabiskan daya baterai.</string>