<string name="certificate_36_ant_aging">36개월 최적의 성능</string>
<string name="certificate_48_ant_aging">48개월 최적의 성능</string>
<string name="certificate_tuv_48_fluent_system">48개월 유창성 등급 A</string>
<string name="certificate_oppo_lab">OPPO 랩에 의해 인증됨</string>
<string name="certificate_ttl_tab">CTTL에 의해 인증됨</string>
<string name="certificate_tuv_lab">TÜV SÜD에 의해 인증됨</string>
<string name="certificate_year_fluent_system">올해의 원활하게 실행되는 휴대전화</string>
<string name="certificate_ludashi_2022_test">2022년 Ludashi 상 수상</string>
<string name="technique_memory_gen_title">RAM 활성화</string>
<string name="technique_memory_gen_content">자체 개발한 독점 메모리 가속 기술이 더 빠른 앱 실행 및 앱 전환을 제공하여 전반적인 성능을 향상시킵니다.</string>
<string name="technique_file_title">ROM 활성화</string>
<string name="technique_file_content">업계 최고의 I/O 기술은 읽기 및 쓰기 작업의 효율성을 종합적으로 향상시켜 기기에 미치는 노화의 영향을 크게 줄여 수년간 사용한 후에도 원활한 사용자 환경을 보장합니다.</string>
<string name="technique_computing_title">CPU 활성화</string>
<string name="technique_computing_content">최고의 컴퓨팅 전력 스케줄링을 통해 성능과 전력 소비의 균형을 유지합니다. 계산 집약적인 작업은 배터리를 소모하지 않고 원활하게 실행됩니다.</string>