<string name="certificate_36_ant_aging">Optimisation des performances à 36 mois</string>
<string name="certificate_48_ant_aging">Optimisation des performances à 48 mois</string>
<string name="certificate_tuv_48_fluent_system">Certification de fluidité de cote A de 48 mois</string>
<string name="certificate_oppo_lab">Certifié par OPPO Labs</string>
<string name="certificate_ttl_tab">Certifié par CTTL</string>
<string name="certificate_tuv_lab">Certifié par TÜV SÜD</string>
<string name="certificate_year_fluent_system">Le téléphone de l\'année qui marche bien</string>
<string name="certificate_ludashi_2022_test">Récompensé par Ludashi en 2022</string>
<string name="technique_memory_gen_title">Revitalisation de la RAM</string>
<string name="technique_memory_gen_content">La technologie exclusive d\'accélération de mémoire, développée en interne, accélère le lancement des applis et la commutation entre les applis, pour de meilleures performances globales.</string>
<string name="technique_file_title">Revitalisation de la ROM</string>
<string name="technique_file_content">Cette technologie d\'E/S de pointe améliore complètement l\'efficacité des opérations de lecture et d\'écriture pour réduire significativement les effets du vieillissement de votre appareil, assurant une expérience utilisateur fluide, même après des années d\'utilisation.</string>
<string name="technique_computing_title">Revitalisation de l'unité centrale</string>
<string name="technique_computing_content">Programmation de la puissance de calcul pour équilibrer les performances et la consommation d\'énergie. Les tâches de calcul intensives s\'exécutent facilement sans épuiser la batterie.</string>