<string name="certificate_36_ant_aging">36 Monate optimale Leistung</string>
<string name="certificate_48_ant_aging">48 Monate optimale Leistung</string>
<string name="certificate_tuv_48_fluent_system">48-monatige Bewertung der Geläufigkeit A</string>
<string name="certificate_oppo_lab">Zertifiziert durch OPPO Labs</string>
<string name="certificate_ttl_tab">Zertifiziert durch CTTL</string>
<string name="certificate_tuv_lab">Zertifiziert durch TÜV SÜD</string>
<string name="certificate_year_fluent_system">Das reibungslos funktionierende Telefon des Jahres</string>
<string name="certificate_ludashi_2022_test">Verliehen von Ludashi im Jahr 2022</string>
<string name="technique_memory_gen_title">RAM-Vitalisierung</string>
<string name="technique_memory_gen_content">Exklusive, eigens entwickelte Technologie zur Speicherbeschleunigung sorgt für einen schnelleren App-Start und App-Wechsel und damit für eine bessere Gesamtleistung.</string>
<string name="technique_file_title">ROM-Vitalisierung</string>
<string name="technique_file_content">Die branchenführende E/A-Technologie verbessert umfassend die Effizienz von Lese- und Schreibvorgängen, um die Auswirkungen der Alterung Ihres Geräts deutlich zu reduzieren und ein reibungsloses Benutzererlebnis auch nach jahrelanger Nutzung zu gewährleisten.</string>
<string name="technique_computing_title">CPU-Vitalisierung</string>
<string name="technique_computing_content">Führendes Compute Power Scheduling für ein ausgewogenes Verhältnis zwischen Leistung und Stromverbrauch. Rechenintensive Aufgaben laufen reibungslos ab, ohne den Akku zu belasten.</string>