<string name="certificate_36_ant_aging">36-ਮਹੀਨੇ ਦਾ ਉੱਚਤਮ ਪ੍ਰਦਰਸ਼ਨ</string>
<string name="certificate_48_ant_aging">48-ਮਹੀਨੇ ਦਾ ਉੱਚਤਮ ਪ੍ਰਦਰਸ਼ਨ</string>
<string name="certificate_tuv_48_fluent_system">48-ਮਹੀਨੇ ਦੀ ਫਲੁਏਂਸੀ ਰੇਟਿੰਗ A</string>
<string name="certificate_oppo_lab">OPPO Labs ਦੁਆਰਾ ਪ੍ਰਮਾਣਿਤ</string>
<string name="certificate_ttl_tab">CTTL ਦੁਆਰਾ ਪ੍ਰਮਾਣਿਤ</string>
<string name="certificate_tuv_lab">TÜV SÜD ਦੁਆਰਾ ਪ੍ਰਮਾਣਿਤ</string>
<string name="certificate_year_fluent_system">ਸਾਲ ਦਾ ਸ਼ਾਨਦਾਰ ਚੱਲਣ ਵਾਲਾ ਫੋਨ</string>
<string name="certificate_ludashi_2022_test">2022 ਵਿੱਚ Ludashi ਦੁਆਰਾ ਸਨਮਾਨਿਤ</string>
<string name="technique_memory_gen_title">RAM ਵਾਈਟਲਾਈਜ਼ੇਸ਼ਨ</string>
<string name="technique_memory_gen_content">ਨਿਵੇਕਲੀ ਮੈਮੋਰੀ ਪ੍ਰਵੇਗ ਤਕਨਾਲੋਜੀ, ਅੰਦਰੋ-ਅੰਦਰ ਵਿਕਸਤ, ਬਿਹਤਰ ਸਮੁੱਚੀ ਕਾਰਗੁਜ਼ਾਰੀ ਲਈ, ਤੇਜ਼ੀ ਨਾਲ ਐਪ ਲਾਂਚ ਅਤੇ ਐਪ ਸਵਿਚਿੰਗ ਪ੍ਰਦਾਨ ਕਰਦੀ ਹੈ।</string>
<string name="technique_file_title">ROM ਵਾਈਟਲਾਈਜ਼ੇਸ਼ਨ</string>
<string name="technique_file_content">ਉਦਯੋਗ ਦੀ ਮੁੱਖ I/O ਤਕਨਾਲੋਜੀ ਤੁਹਾਡੀ ਡਿਵਾਈਸ \'ਤੇ ਬੁਢਾਪੇ ਦੇ ਪ੍ਰਭਾਵਾਂ ਨੂੰ ਮਹੱਤਵਪੂਰਨ ਤੌਰ \'ਤੇ ਘਟਾਉਣ ਲਈ ਪੜ੍ਹਨ ਅਤੇ ਲਿਖਣ ਦੇ ਕਾਰਜਾਂ ਦੀ ਕੁਸ਼ਲਤਾ ਵਿੱਚ ਵਿਆਪਕ ਤੌਰ \'ਤੇ ਸੁਧਾਰ ਕਰਦੀ ਹੈ, ਸਾਲਾਂ ਦੀ ਵਰਤੋਂ ਦੇ ਬਾਅਦ ਵੀ ਇੱਕ ਨਿਰਵਿਘਨ ਉਪਭੋਗਤਾ ਅਨੁਭਵ ਨੂੰ ਯਕੀਨੀ ਬਣਾਉਂਦੀ ਹੈ।</string>
<string name="technique_computing_title">CPU ਵਾਈਟਲਾਈਜ਼ੇਸ਼ਨ</string>
<string name="technique_computing_content">ਪ੍ਰਦਰਸ਼ਨ ਅਤੇ ਪਾਵਰ ਦੀ ਖ਼ਪਤ ਨੂੰ ਸੰਤੂਲਿਤ ਕਰਨ ਵਾਸਤੇ ਮੋਹਰੀ ਕੰਪਿਊਟਰ ਪਾਵਰ ਸ਼ੈਡਿਊਲਿੰਗ। ਕੰਪਿਊਟ-ਤੀਬਰ ਕਾਰਜ ਬਿਨਾ ਬੈਟਰੀ ਖ਼ਪਤ ਕੀਤੇ ਆਸਾਨੀ ਨਾਲ ਚਲਦੇ ਹਨ।</string>