<string name="certificate_36_ant_aging">36-mesačný optimálny výkon</string>
<string name="certificate_48_ant_aging">48-mesačný optimálny výkon</string>
<string name="certificate_tuv_48_fluent_system">48-mesačný certifikát Fluency Rating A</string>
<string name="certificate_oppo_lab">Certifikácia OPPO Labs</string>
<string name="certificate_ttl_tab">Certifikácia CTTL</string>
<string name="certificate_tuv_lab">Certifikácia TÜV SÜD</string>
<string name="certificate_year_fluent_system">Najplynulejší telefón roka</string>
<string name="certificate_ludashi_2022_test">Ocenenie od Ludashi za rok 2022</string>
<string name="technique_memory_gen_title">Oživenie RAM</string>
<string name="technique_memory_gen_content">Exkluzívna technológia akcelerácie pamäte, vyvinutá vlastnými silami, zabezpečuje rýchlejšie spúšťanie a prepínanie aplikácií a celkovo vyšší výkon.</string>
<string name="technique_file_title">Oživenie ROM</string>
<string name="technique_file_content">Špičková V/V technológia komplexne zlepšuje účinnosť operácií čítania a zápisu, čím výrazne znižuje vplyv starnutia zariadenia a zabezpečuje plynulý používateľský zážitok aj po rokoch používania.</string>
<string name="technique_computing_title">Oživenie CPU</string>
<string name="technique_computing_content">Špičkové plánovanie výpočtového výkonu na vyváženie výkonu a spotreby energie. Výpočtovo náročné úlohy prebiehajú hladko bez toho, aby dochádzalo k vybíjaniu batérie.</string>