<string name="certificate_36_ant_aging">Desempeño óptimo de 36 meses</string>
<string name="certificate_48_ant_aging">Desempeño óptimo de 48 meses</string>
<string name="certificate_tuv_48_fluent_system">Calificación A de fluidez de 48 meses</string>
<string name="certificate_oppo_lab">Certificado por Laboratorios de OPPO</string>
<string name="certificate_ttl_tab">Certificado por CTTL</string>
<string name="certificate_tuv_lab">Certificado por TÜV SÜD</string>
<string name="certificate_year_fluent_system">Teléfono con funcionamiento fluido del año</string>
<string name="certificate_ludashi_2022_test">Premiado por Ludashi en 2022</string>
<string name="technique_memory_gen_title">Vitalización de RAM</string>
<string name="technique_memory_gen_content">Tecnología exclusiva de aceleración de memoria, desarrollada internamente, para aumentar la velocidad de inicio de las aplicaciones y del cambio de aplicación para un mejor rendimiento general.</string>
<string name="technique_file_title">Vitalización de ROM</string>
<string name="technique_file_content">Tecnología E/S líder en el sector que mejora exhaustivamente la eficacia de las operaciones de lectura y escritura para reducir de manera significativa los efectos del envejecimiento en el dispositivo, garantizando una experiencia de usuario impecable incluso tras años de uso.</string>
<string name="technique_computing_title">Vitalización de CPU</string>
<string name="technique_computing_content">Programación informática eficaz líder para equilibrar el rendimiento y el consumo de energía. Las tareas informáticas intensivas se ejecutan con fluidez sin agotar la batería.</string>