﻿<string name="certificate_36_ant_aging">Оптимальная производительность в течение 36 месяцев</string>
<string name="certificate_48_ant_aging">Оптимальная производительность в течение 48 месяцев</string>
<string name="certificate_tuv_48_fluent_system">48-месячная оценка плавности A</string>
<string name="certificate_oppo_lab">Сертифицировано лабораториями OPPO</string>
<string name="certificate_ttl_tab">Сертифицировано CTTL</string>
<string name="certificate_tuv_lab">Сертифицировано TÜV SÜD</string>
<string name="certificate_year_fluent_system">Телефон года с плавной работой</string>
<string name="certificate_ludashi_2022_test">Награда от Ludashi в 2022 г.</string>
<string name="technique_memory_gen_title">Оживление ОЗУ</string>
<string name="technique_memory_gen_content">Эксклюзивная технология ускорения памяти, разработанная внутри компании, обеспечивает более быстрый запуск приложений и переключение между ними, увеличивая общую производительность.</string>
<string name="technique_file_title">Оживление ПЗУ</string>
<string name="technique_file_content">Ведущая в отрасли технология ввода-вывода всесторонне повышает эффективность операций чтения и записи, значительно снижая влияние старения на устройство, обеспечивая плавную работу даже после многих лет использования.</string>
<string name="technique_computing_title">Оживление ЦП</string>
<string name="technique_computing_content">Превосходное планирование вычислительной мощности для баланса производительности и энергопотребления. Интенсивные вычислительные задачи выполняются плавно, не разряжая батарею.</string>