<string name="certificate_36_ant_aging">මාස-36 ප්‍රශස්ත කාර්ය සාධනය</string>
<string name="certificate_48_ant_aging">මාස-48 ප්‍රශස්ත කාර්ය සාධනය</string>
<string name="certificate_tuv_48_fluent_system">මාස-48 ව්‍යක්තතා ශ්‍රේණිකරණය A</string>
<string name="certificate_oppo_lab">OPPO Labs විසින් සහතික කරන ලදී</string>
<string name="certificate_ttl_tab">CTTL විසින් සහතික කරන ලදී</string>
<string name="certificate_tuv_lab">TÜV SÜD විසින් සහතික කරන ලදී</string>
<string name="certificate_year_fluent_system">වසරේ සුමටව ධාවනය වන දුරකථනය</string>
<string name="certificate_ludashi_2022_test">2022 දී Ludashi විසින් පිරිනමන ලදී</string>
<string name="technique_memory_gen_title">RAM ප්‍රාණවත් කිරීම</string>
<string name="technique_memory_gen_content">වඩා යහපත් සමස්ත කාර්යසාධනය සඳහා, ආයතනය තුළ සංවර්ධනය කළ විශේෂිත මතකය වේගවත් කිරීමේ තාක්ෂණය, වඩා ඉක්මන් යෙදුම් දියත් කිරීම සහ යෙදුම් මාරු කිරීම ලබා දෙයි.</string>
<string name="technique_file_title">ROM ප්‍රාණවත් කිරීම</string>
<string name="technique_file_content">වසර ගණනාවක් භාවිතා කිරීමෙන් පසුව පවා වඩා සුමට පරිශීලක අත්දැකීමක් සහතික කරමින්, කර්මාන්තයේ ප්‍රමුඛ පෙළේ I/O තාක්‍ෂණය ඔබේ උපාංගයේ පැරණිවීමේ බලපෑම් සැලකිය යුතු ලෙස අඩු කිරීමට කියවීමේ සහ ලිවීමේ මෙහෙයුම්වල කාර්යක්ෂමතාවය පුළුල් ලෙස වැඩි දියුණු කරයි.</string>
<string name="technique_computing_title">CPU ප්‍රාණවත් කිරීම</string>
<string name="technique_computing_content">කාර්ය සාධනය සහ බලය පරිභෝජනය සමතුලිත කිරීම සඳහා ප්‍රමුඛතම ගණනය කිරීමේ බලය උපලේඛනගත කිරීම. බැටරිය වේගයෙන් බසින්නට සැලැස්වීමෙන් තොරව ගණනය කිරීමේ තීව්‍ර කාර්යයන් සුමටව ධාවනය වේ.</string>