﻿<string name="certificate_36_ant_aging">36 kuukauden optimaalinen suorituskyky</string>
<string name="certificate_48_ant_aging">48 kuukauden optimaalinen suorituskyky</string>
<string name="certificate_tuv_48_fluent_system">48 kuukauden sujuvuusluokitus A</string>
<string name="certificate_oppo_lab">Sertifioinut OPPO Labs</string>
<string name="certificate_ttl_tab">Sertifioinut CTTL</string>
<string name="certificate_tuv_lab">Sertifioinut TÜV SÜD</string>
<string name="certificate_year_fluent_system">Vuoden jouhevasti toimiva puhelin</string>
<string name="certificate_ludashi_2022_test">Palkinnon myöntänyt Ludashi vuonna 2022</string>
<string name="technique_memory_gen_title">RAM Vitalization</string>
<string name="technique_memory_gen_content">Eksklusiivinen, itse kehitetty muistinkiihdytysteknologia tarjoaa sovellusten nopeamman käynnistymisen ja vaihtamisen parempaa kokonaissuorituskykyä varten.</string>
<string name="technique_file_title">ROM Vitalization</string>
<string name="technique_file_content">Alan johtava I/O-teknologia parantaa kattavasti luku- ja kirjoitustoimenpiteiden tehokkuutta vähentäen merkittävästi laitteen ikääntymisen vaikutuksia ja varmistaen sujuvan käyttökokemuksen jopa vuosien käytön jälkeen.</string>
<string name="technique_computing_title">CPU Vitalization</string>
<string name="technique_computing_content">Johtava laskentatehon ajoitus suorituskyvyn ja virrankulutuksen tasapainottamiseksi. Tietojenkäsittelytehoa vaativat tehtävät suoritetaan jouhevasti kuluttamatta akkua.</string>