<string name="certificate_36_ant_aging">36 ай бойы ең жақсы өнімділік</string>
<string name="certificate_48_ant_aging">48 ай бойы ең жақсы өнімділік</string>
<string name="certificate_tuv_48_fluent_system">48 ай бойы А жылдамдық рейтингі</string>
<string name="certificate_oppo_lab">OPPO зертханалары сертификаттаған</string>
<string name="certificate_ttl_tab">CTTL сертификаттаған</string>
<string name="certificate_tuv_lab">TÜV SÜD сертификаттаған</string>
<string name="certificate_year_fluent_system">Жылдың бірқалыпты жұмыс істейтін телефоны</string>
<string name="certificate_ludashi_2022_test">2022 жылы Ludashi марапаттаған</string>
<string name="technique_memory_gen_title">RAM-ды қуаттандыру</string>
<string name="technique_memory_gen_content">Өз бетімізбен әзірлеген эксклюзивті жадты жылдамдату технологиясы жалпы өнімділікті жақсарту үшін қолданбаларды одан да жылдам іске қосады және қолданбаларды одан да жылдам ауыстырады.</string>
<string name="technique_file_title">ROM-ды қуаттандыру</string>
<string name="technique_file_content">Саладағы жетекші дерек енгізу/шығару технологиясы құрылғыңыздың ескіру әсерлерін айтарлықтай азайту үшін оқу және жазу операцияларының тиімділігін жан-жақты жақсартып, тіпті көп жыл пайдаланған соң да үздіксіз пайдалану мүмкіндігін береді.</string>
<string name="technique_computing_title">Орталық процессорды қуаттандыру</string>
<string name="technique_computing_content">Өнімділік пен қуат шығыны балансына қол жеткізуге арналған жетекші есептеу қуатын жоспарлау технологиясы. Көп есептеуді қажет ететін тапсырмалар батареяның қуатын тауыспай бірқалыпты орындалады.</string>