<string name="certificate_36_ant_aging">३६ महिनासम्म उत्कृष्ट कार्यसम्पादन</string>
<string name="certificate_48_ant_aging">४८ महिनासम्म उत्कृष्ट कार्यसम्पादन</string>
<string name="certificate_tuv_48_fluent_system">४८ महिनाको फ्लुएन्सी रेटिङ A</string>
<string name="certificate_oppo_lab">OPPO Labs ले प्रमाणित गरेको</string>
<string name="certificate_ttl_tab">CTTL ले प्रमाणित गरेको</string>
<string name="certificate_tuv_lab">TÜV SÜD ले प्रमाणित गरेको</string>
<string name="certificate_year_fluent_system">वर्षको सबैभन्दा छरितो रूपमा चल्ने फोन</string>
<string name="certificate_ludashi_2022_test">Ludashi ले सन् २०२२ मा पुरस्कृत गरेको</string>
<string name="technique_memory_gen_title">RAM को उचित उपयोग</string>
<string name="technique_memory_gen_content">हामी आफैले विकास गरेको विशेष मेमोरी गतिवर्धन प्रविधिका सहायताले एपहरू अझ छिटो खोल्न तथा एक एपबाट अर्को एपमा अझ छिटो जान सकिन्छ। अतः यो प्रविधिले समग्र कार्यसम्पादनमा सुधार ल्याउँछ।</string>
<string name="technique_file_title">ROM को उचित उपयोग</string>
<string name="technique_file_content">सूचना प्रविधि उद्योगकै उत्कृष्ट I/O प्रविधिले भण्डारणमा भएको डेटा पढ्ने र भण्डारणमा डेटा लेख्ने कार्यको दक्षतामा सुधार ल्याउँछ र तपाईंको यन्त्र पुरानो हुँदै जाँदा देखिने समस्याहरू उल्लेखनीय रूपमा कम गर्छ। अतः तपाईंले आफ्नो यन्त्र वर्षौँसम्म प्रयोग गरेपछि पनि सो यन्त्र छरितो ढङ्गले चलिरहन्छ।</string>
<string name="technique_computing_title">CPU को उचित उपयोग</string>
<string name="technique_computing_content">कार्यसम्पादन र ब्याट्रीको प्रयोगका बीचमा सन्तुलन कायम गर्न कम्प्युटिङ क्षमताको उचित प्रयोग निर्धारण गर्ने उत्कृष्ट प्रविधि प्रयोग गरिएको छ। अत्यधिक कम्प्युटिङ क्षमता चाहिने कार्यहरू अत्यधिक मात्रामा ब्याट्री खपत नगरिकन छरितो ढङ्गले गरिन्छन्।</string>