﻿<string name="certificate_36_ant_aging">36-mesečno optimalno delovanje</string>
<string name="certificate_48_ant_aging">48-mesečno optimalno delovanje</string>
<string name="certificate_tuv_48_fluent_system">48-mesečno nemoteno delovanje z oceno A</string>
<string name="certificate_oppo_lab">Overjeno v laboratorijih družbe OPPO</string>
<string name="certificate_ttl_tab">Overila družba CTTL</string>
<string name="certificate_tuv_lab">Overila družba TÜV SÜD</string>
<string name="certificate_year_fluent_system">Brezhibno delujoči telefon leta</string>
<string name="certificate_ludashi_2022_test">Prejel nagrado družbe Ludashi leta 2022</string>
<string name="technique_memory_gen_title">Prenovitev pomnilnika RAM</string>
<string name="technique_memory_gen_content">Ekskluzivna tehnologija pospeševanja pomnilnika, razvita v podjetju, omogoča hitrejši zagon aplikacij in preklapljanje med njimi, za boljšo splošno učinkovitost delovanja.</string>
<string name="technique_file_title">Prenovitev pomnilnika ROM</string>
<string name="technique_file_content">Vodilna tehnologija V/I v panogi celovito izboljša učinkovitost operacij branja in zapisovanja za znatno zmanjšanje učinkov staranja naprave ter zagotovitev nemotene uporabniške izkušnje tudi po več letih uporabe.</string>
<string name="technique_computing_title">Prenovitev CPE</string>
<string name="technique_computing_content">Vodilno razporejanje računalniške zmogljivosti za uravnoteženje učinkovitosti delovanja in porabe energije. Opravila, za katere je porabljenih veliko sredstev telefona, se izvajajo nemoteno, vendar pri tem ne izpraznijo baterije.</string>