<string name="certificate_36_ant_aging">Βέλτιστη απόδοση 36 μηνών</string>
<string name="certificate_48_ant_aging">Βέλτιστη απόδοση 48 μηνών</string>
<string name="certificate_tuv_48_fluent_system">Αξιολόγηση ευχέρειας Α 48 μηνών</string>
<string name="certificate_oppo_lab">Πιστοποιήθηκε από τα OPPO Labs</string>
<string name="certificate_ttl_tab">Πιστοποιήθηκε από την CTTL</string>
<string name="certificate_tuv_lab">Πιστοποιήθηκε από την TÜV SÜD</string>
<string name="certificate_year_fluent_system">Το τηλέφωνο της χρονιάς με την ομαλότερη λειτουργία</string>
<string name="certificate_ludashi_2022_test">Βραβείο από την Ludashi το 2022</string>
<string name="technique_memory_gen_title">Αναζωογόνηση μνήμης RAM</string>
<string name="technique_memory_gen_content">Η αποκλειστική τεχνολογία επιτάχυνσης μνήμης, που αναπτύχθηκε εσωτερικά, προσφέρει ταχύτερη εκκίνηση και εναλλαγή εφαρμογών, επιτυγχάνοντας καλύτερη συνολική απόδοση.</string>
<string name="technique_file_title">Αναζωογόνηση μνήμης ROM</string>
<string name="technique_file_content">Η κορυφαία στον κλάδο τεχνολογία I/O βελτιώνει συνολικά την αποτελεσματικότητα των λειτουργιών ανάγνωσης και εγγραφής, για να μειώσει σημαντικά τις επιπτώσεις της γήρανσης στη συσκευή σας, εξασφαλίζοντας μια ομαλή εμπειρία χρήσης ακόμη και μετά από χρόνια χρήσης.</string>
<string name="technique_computing_title">Αναζωογόνηση CPU</string>
<string name="technique_computing_content">Κορυφαίος προγραμματισμός υπολογιστικής ισχύος για την εξισορρόπηση επιδόσεων και κατανάλωσης ενέργειας. Οι εργασίες υψηλής υπολογιστικής έντασης εκτελούνται ομαλά χωρίς να εξαντλείται η μπαταρία.</string>