﻿<string name="certificate_36_ant_aging">36-ମାସ ଅପ୍ଟିମାଲ୍ କାର୍ଯ୍ୟଦକ୍ଷତା</string>
<string name="certificate_48_ant_aging">48-ମାସ ଅପ୍ଟିମାଲ୍ କାର୍ଯ୍ୟଦକ୍ଷତା</string>
<string name="certificate_tuv_48_fluent_system">48-ମାସ ଫ୍ଲୁଏନ୍ସି ରେଟିଂ A</string>
<string name="certificate_oppo_lab">OPPO Labs ଦ୍ୱାରା ସାର୍ଟିଫାଏ ହୋଇଛି</string>
<string name="certificate_ttl_tab">CTTL ଦ୍ୱାରା ସାର୍ଟିଫାଏ ହୋଇଛି</string>
<string name="certificate_tuv_lab">TUV SUD ଦ୍ୱାରା ସାର୍ଟିଫାଏ ହୋଇଛି</string>
<string name="certificate_year_fluent_system">ବର୍ଷର ସୁଗମଭାବରେ ଚାଲୁଥିବା ଫୋନ୍</string>
<string name="certificate_ludashi_2022_test">2022 ରେ ଲୁଦାସି ଦ୍ୱାରା ପୁରସ୍କୃତ</string>
<string name="technique_memory_gen_title">RAM ଭାଇଟାଲାଇଜେସନ୍</string>
<string name="technique_memory_gen_content">ଇନ୍-ହାଉସ୍ ରେ ବିକଶିତ ଏକ୍ସକ୍ଲୁସିଭ୍ ମେମୋରୀ ଏକ୍ସେଲେରେସନ୍ ଟେକ୍ନୋଲୋଜି, ଉତ୍ତମ ସାମଗ୍ରିକ ପ୍ରଦର୍ଶନ ପାଇଁ ଦ୍ରୁତ ଆପ୍ ଲଞ୍ଚ୍ ଏବଂ ଆପ୍ ସୁଇଚିଂ ପ୍ରଦାନ କରିଥାଏ।</string>
<string name="technique_file_title">ROM ଭାଇଟାଲାଇଜେସନ୍</string>
<string name="technique_file_content">ଶିଳ୍ପ-ଅଗ୍ରଣୀ I/O ଟେକ୍ନୋଲୋଜି ଆପଣଙ୍କ ଡିଭାଇସ୍ ଉପରେ ବୟସବୃଦ୍ଧିର ପ୍ରଭାବକୁ ଯଥେଷ୍ଟ ହ୍ରାସ କରିବା ପାଇଁ ପଢ଼ିବା ଏବଂ ଲେଖିବା ଅପରେସନର ଦକ୍ଷତାକୁ ବ୍ୟାପକ ଭାବରେ ଉନ୍ନତ କରେ, ବ୍ୟବହାରର ବର୍ଷ ବର୍ଷ ପରେ ମଧ୍ୟ ଏକ ସୁଗମ ଉପଭୋକ୍ତା ଅଭିଜ୍ଞତା ସୁନିଶ୍ଚିତ କରେ।</string>
<string name="technique_computing_title">CPU ଭାଇଟାଲାଇଜେସନ୍</string>
<string name="technique_computing_content">କାର୍ଯ୍ୟଦକ୍ଷତା ଏବଂ ପାୱାର୍‌ ଖର୍ଚ୍ଚ ସନ୍ତୁଲିତ କରିବାକୁ କମ୍ପ୍ୟୁଟ୍ ପାୱାର୍‌ ଅନୁସୂଚିତ କରିବାରେ ଅଗ୍ରଣୀ କରିଥାଏ। ବ୍ୟାଟେରୀ ନିଷ୍କାସନ ନକରି ଗଣନା-ତୀବ୍ର କାର୍ଯ୍ୟଗୁଡ଼ିକ ସୁରୁଖୁରୁରେ ଚାଲିଥାଏ।</string>